application_id,product,dpd,payment_pending,vulnerability_flag,contactability,nba,contact_allowed
APP-42-009793,BUSINESS_LOAN,90,False,False,0.8986277613323457,INTENSIVE_RECOVERY_REVIEW,True
APP-42-009749,BUSINESS_LOAN,0,False,False,0.8735675575737397,NO_ACTION,True
APP-42-010204,BNPL,30,False,False,0.46231074439305725,DIGITAL_PROMISE_TO_PAY,True
APP-42-010939,CASH_LOAN,5,False,False,0.47756115175308333,FRIENDLY_APP_REMINDER,True
APP-42-010205,CASH_LOAN,15,False,False,0.5226671786401924,FRIENDLY_APP_REMINDER,True
APP-42-009631,CASH_LOAN,0,False,False,0.7872808689835955,NO_ACTION,True
APP-42-011101,BNPL,0,False,False,0.7739565460201954,NO_ACTION,True
APP-42-011938,CASH_LOAN,0,False,False,0.7690914750485547,NO_ACTION,True
APP-42-011246,BNPL,0,False,True,0.5634453321926721,SPECIALIST_HARDSHIP_REVIEW,True
APP-42-009967,CASH_LOAN,0,False,False,0.9430447408976886,NO_ACTION,True
APP-42-010481,BUSINESS_LOAN,5,False,False,0.9685624282786317,FRIENDLY_APP_REMINDER,True
APP-42-010088,CASH_LOAN,30,False,False,0.8840610253605046,DIGITAL_PROMISE_TO_PAY,True
APP-42-009982,CASH_LOAN,90,False,False,0.8381711465286846,INTENSIVE_RECOVERY_REVIEW,True
APP-42-011080,CASH_LOAN,30,False,False,0.9180466930835911,DIGITAL_PROMISE_TO_PAY,True
APP-42-011329,BUSINESS_LOAN,5,False,False,0.668352175015891,FRIENDLY_APP_REMINDER,True
APP-42-009777,CASH_LOAN,90,False,False,0.7561217079888389,INTENSIVE_RECOVERY_REVIEW,True
APP-42-011782,CASH_LOAN,0,False,False,0.6578988307053517,NO_ACTION,True
APP-42-010099,BNPL,5,False,False,0.8855849543793708,FRIENDLY_APP_REMINDER,True
APP-42-009657,CASH_LOAN,60,False,False,0.8797304621166568,DIGITAL_PROMISE_TO_PAY,True
APP-42-011728,CASH_LOAN,15,True,False,0.8930066071805517,SUPPRESS_CONTACT_RECONCILE_PAYMENT,False
APP-42-010752,CASH_LOAN,15,False,False,0.8391792006650874,FRIENDLY_APP_REMINDER,True
APP-42-011556,BNPL,0,False,False,0.9609750930449208,NO_ACTION,True
APP-42-011442,CASH_LOAN,5,False,False,0.7703791510992904,FRIENDLY_APP_REMINDER,True
APP-42-010563,BNPL,5,False,False,0.6571525323211346,FRIENDLY_APP_REMINDER,True
APP-42-009836,CASH_LOAN,5,False,False,0.8396009222604804,FRIENDLY_APP_REMINDER,True
APP-42-011818,BNPL,5,False,False,0.867369858991667,FRIENDLY_APP_REMINDER,True
APP-42-010758,BUSINESS_LOAN,0,False,False,0.5334099797545327,NO_ACTION,True
APP-42-011465,CASH_LOAN,0,False,False,0.9316411556743175,NO_ACTION,True
APP-42-010448,CASH_LOAN,90,False,False,0.7716781841394742,INTENSIVE_RECOVERY_REVIEW,True
APP-42-011946,BNPL,15,False,False,0.7288274850865858,FRIENDLY_APP_REMINDER,True
APP-42-010645,CASH_LOAN,0,False,False,0.8313022028572455,NO_ACTION,True
APP-42-011202,BNPL,90,False,False,0.69997021444266,INTENSIVE_RECOVERY_REVIEW,True
APP-42-011351,CASH_LOAN,0,False,False,0.7316149436376727,NO_ACTION,True
APP-42-011793,BUSINESS_LOAN,0,False,False,0.36379810658967277,NO_ACTION,True
APP-42-009848,CASH_LOAN,0,False,False,0.6268378036694402,NO_ACTION,True
APP-42-011111,CASH_LOAN,5,False,False,0.8494802331575358,FRIENDLY_APP_REMINDER,True
APP-42-011704,BNPL,0,False,False,0.6617832424830438,NO_ACTION,True
APP-42-011000,CASH_LOAN,60,False,False,0.7272034663925232,DIGITAL_PROMISE_TO_PAY,True
APP-42-010113,BUSINESS_LOAN,30,False,False,0.6391923711318062,DIGITAL_PROMISE_TO_PAY,True
APP-42-010600,BNPL,0,False,False,0.8201489009166486,NO_ACTION,True
APP-42-010140,BUSINESS_LOAN,60,False,False,0.6079006691997355,DIGITAL_PROMISE_TO_PAY,True
APP-42-010230,CASH_LOAN,90,False,False,0.9609584428356572,INTENSIVE_RECOVERY_REVIEW,True
APP-42-009655,BNPL,30,False,False,0.7154572665885881,DIGITAL_PROMISE_TO_PAY,True
APP-42-010754,CASH_LOAN,15,False,True,0.3939617626296249,SPECIALIST_HARDSHIP_REVIEW,True
APP-42-011142,CASH_LOAN,30,False,False,0.8041153446244941,DIGITAL_PROMISE_TO_PAY,True
APP-42-010537,CASH_LOAN,60,False,False,0.5921072093101803,DIGITAL_PROMISE_TO_PAY,True
APP-42-011375,CASH_LOAN,5,False,False,0.8835279670165158,FRIENDLY_APP_REMINDER,True
APP-42-011520,CASH_LOAN,0,False,False,0.7277735491505005,NO_ACTION,True
APP-42-009879,BUSINESS_LOAN,0,False,False,0.8175624348646969,NO_ACTION,True
APP-42-009681,CASH_LOAN,0,False,False,0.9134035671981292,NO_ACTION,True
APP-42-011584,CASH_LOAN,15,False,True,0.4997274715644113,SPECIALIST_HARDSHIP_REVIEW,True
APP-42-010898,CASH_LOAN,5,False,False,0.8074693001645746,FRIENDLY_APP_REMINDER,True
APP-42-010126,BNPL,5,False,False,0.8884542183923505,FRIENDLY_APP_REMINDER,True
APP-42-010659,CASH_LOAN,0,False,False,0.8113087648499233,NO_ACTION,True
APP-42-011741,CASH_LOAN,15,False,True,0.5490647927481647,SPECIALIST_HARDSHIP_REVIEW,True
APP-42-009925,BNPL,5,False,False,0.7585160194209379,FRIENDLY_APP_REMINDER,True
APP-42-010711,CASH_LOAN,5,False,True,0.6125877464544015,SPECIALIST_HARDSHIP_REVIEW,True
APP-42-011447,CASH_LOAN,0,False,False,0.7394864327612133,NO_ACTION,True
APP-42-010002,CASH_LOAN,5,False,True,0.6374316245480749,SPECIALIST_HARDSHIP_REVIEW,True
APP-42-010766,BUSINESS_LOAN,15,False,False,0.6086789438315633,FRIENDLY_APP_REMINDER,True
APP-42-010055,CASH_LOAN,0,False,False,0.6935561165978845,NO_ACTION,True
APP-42-011254,CASH_LOAN,30,False,False,0.8346892906633836,DIGITAL_PROMISE_TO_PAY,True
APP-42-010404,BNPL,5,False,False,0.7159998812603556,FRIENDLY_APP_REMINDER,True
APP-42-010224,CASH_LOAN,0,False,False,0.7489218960320166,NO_ACTION,True
APP-42-010080,BNPL,0,False,False,0.9306015322710542,NO_ACTION,True
APP-42-011226,BNPL,60,False,True,0.8757016938078561,SPECIALIST_HARDSHIP_REVIEW,True
APP-42-009748,BNPL,0,False,False,0.8712511091168228,NO_ACTION,True
APP-42-010779,BUSINESS_LOAN,15,False,False,0.7877154149452555,FRIENDLY_APP_REMINDER,True
APP-42-009611,BNPL,15,False,False,0.8439606802828059,FRIENDLY_APP_REMINDER,True
APP-42-010830,CASH_LOAN,30,False,True,0.7293921289263974,SPECIALIST_HARDSHIP_REVIEW,True
APP-42-011885,CASH_LOAN,5,False,False,0.9045643747412677,FRIENDLY_APP_REMINDER,True
APP-42-011555,CASH_LOAN,5,False,False,0.8079424826951177,FRIENDLY_APP_REMINDER,True
APP-42-011810,CASH_LOAN,15,False,False,0.38551093288615734,FRIENDLY_APP_REMINDER,True
APP-42-011065,BNPL,0,False,False,0.8315638577720317,NO_ACTION,True
APP-42-010403,CASH_LOAN,15,False,False,0.7065157427704751,FRIENDLY_APP_REMINDER,True
APP-42-010326,CASH_LOAN,60,False,False,0.5750289545980306,DIGITAL_PROMISE_TO_PAY,True
APP-42-011583,CASH_LOAN,90,False,False,0.8643902113965578,INTENSIVE_RECOVERY_REVIEW,True
APP-42-011517,BNPL,60,False,False,0.7444258345079348,DIGITAL_PROMISE_TO_PAY,True
APP-42-011383,CASH_LOAN,0,False,False,0.9195529746020538,NO_ACTION,True
APP-42-010721,BNPL,5,False,False,0.399798775099833,FRIENDLY_APP_REMINDER,True
APP-42-010044,CASH_LOAN,0,False,False,0.8265037932355676,NO_ACTION,True
APP-42-009886,BNPL,5,False,False,0.9645976315268738,FRIENDLY_APP_REMINDER,True
APP-42-009961,BNPL,60,False,False,0.6172542834721825,DIGITAL_PROMISE_TO_PAY,True
APP-42-011568,BNPL,15,False,False,0.749133821789253,FRIENDLY_APP_REMINDER,True
APP-42-009959,BUSINESS_LOAN,0,False,False,0.8017426240311,NO_ACTION,True
APP-42-009892,CASH_LOAN,0,False,False,0.7386813008045632,NO_ACTION,True
APP-42-009929,CASH_LOAN,30,False,False,0.8472589622947503,DIGITAL_PROMISE_TO_PAY,True
APP-42-009704,CASH_LOAN,60,False,False,0.653860722982342,DIGITAL_PROMISE_TO_PAY,True
APP-42-011980,BNPL,90,False,False,0.7540774443145218,INTENSIVE_RECOVERY_REVIEW,True
APP-42-011100,CASH_LOAN,5,False,False,0.8707122014541656,FRIENDLY_APP_REMINDER,True
APP-42-010556,BNPL,0,False,False,0.8137352414562133,NO_ACTION,True
APP-42-010737,BUSINESS_LOAN,15,False,False,0.7495942023231632,FRIENDLY_APP_REMINDER,True
APP-42-010354,CASH_LOAN,30,False,False,0.8354305334643728,DIGITAL_PROMISE_TO_PAY,True
APP-42-010500,CASH_LOAN,0,False,False,0.732434879587419,NO_ACTION,True
APP-42-009621,CASH_LOAN,0,False,False,0.6587409454298164,NO_ACTION,True
APP-42-010430,BNPL,15,False,False,0.8830219564230201,FRIENDLY_APP_REMINDER,True
APP-42-011493,BNPL,15,False,False,0.8402901661408135,FRIENDLY_APP_REMINDER,True
APP-42-010502,CASH_LOAN,30,False,False,0.8559789367099859,DIGITAL_PROMISE_TO_PAY,True
APP-42-011177,CASH_LOAN,15,False,False,0.9148276683467872,FRIENDLY_APP_REMINDER,True
APP-42-011767,BNPL,30,False,True,0.5472293249199514,SPECIALIST_HARDSHIP_REVIEW,True
APP-42-011630,CASH_LOAN,30,False,False,0.5854940493071307,DIGITAL_PROMISE_TO_PAY,True
APP-42-011914,CASH_LOAN,0,False,False,0.9507901241448228,NO_ACTION,True
APP-42-010891,BNPL,30,False,False,0.8280371331456519,DIGITAL_PROMISE_TO_PAY,True
APP-42-010281,BNPL,5,False,True,0.5778762531977761,SPECIALIST_HARDSHIP_REVIEW,True
APP-42-009636,BNPL,30,False,False,0.7371731006225677,DIGITAL_PROMISE_TO_PAY,True
APP-42-010841,CASH_LOAN,0,False,False,0.7130523022155395,NO_ACTION,True
APP-42-009954,BUSINESS_LOAN,5,False,False,0.8088501909001768,FRIENDLY_APP_REMINDER,True
APP-42-010745,BUSINESS_LOAN,0,False,True,0.8965784610325293,SPECIALIST_HARDSHIP_REVIEW,True
APP-42-010533,BNPL,0,False,False,0.8242708488941952,NO_ACTION,True
APP-42-011195,BNPL,0,False,False,0.6074299770352686,NO_ACTION,True
APP-42-010312,BNPL,15,False,False,0.5297446199268728,FRIENDLY_APP_REMINDER,True
APP-42-010719,CASH_LOAN,5,False,False,0.8692568616049482,FRIENDLY_APP_REMINDER,True
APP-42-011489,BNPL,60,False,False,0.9130486106183887,DIGITAL_PROMISE_TO_PAY,True
APP-42-011161,BNPL,15,False,False,0.9005203074692639,FRIENDLY_APP_REMINDER,True
APP-42-011335,BUSINESS_LOAN,0,False,False,0.6686547796393372,NO_ACTION,True
APP-42-011339,BUSINESS_LOAN,0,False,False,0.7987340194586637,NO_ACTION,True
APP-42-010049,CASH_LOAN,0,False,False,0.7845892418329788,NO_ACTION,True
APP-42-011532,CASH_LOAN,0,False,False,0.7794963754970261,NO_ACTION,True
APP-42-009710,CASH_LOAN,60,False,False,0.7491039241748175,DIGITAL_PROMISE_TO_PAY,True
APP-42-011935,CASH_LOAN,15,False,False,0.7464094337762296,FRIENDLY_APP_REMINDER,True
APP-42-011472,CASH_LOAN,5,False,False,0.9793768912003362,FRIENDLY_APP_REMINDER,True
APP-42-010257,CASH_LOAN,60,False,False,0.947634955463557,DIGITAL_PROMISE_TO_PAY,True
APP-42-010998,CASH_LOAN,5,False,False,0.8143880252210106,FRIENDLY_APP_REMINDER,True
APP-42-009857,CASH_LOAN,30,False,False,0.7949573770204541,DIGITAL_PROMISE_TO_PAY,True
APP-42-010248,CASH_LOAN,30,False,False,0.7599515277988939,DIGITAL_PROMISE_TO_PAY,True
APP-42-009720,BNPL,15,False,False,0.6650960910945243,FRIENDLY_APP_REMINDER,True
APP-42-011412,BNPL,0,False,False,0.9856361951772704,NO_ACTION,True
APP-42-011521,CASH_LOAN,15,False,False,0.9209968392427088,FRIENDLY_APP_REMINDER,True
APP-42-011502,BNPL,0,False,False,0.7734650433282184,NO_ACTION,True
APP-42-011604,BNPL,0,False,False,0.885692389233103,NO_ACTION,True
APP-42-010871,BNPL,0,False,False,0.8903746338757579,NO_ACTION,True
APP-42-011031,CASH_LOAN,5,False,False,0.8757446551849977,FRIENDLY_APP_REMINDER,True
APP-42-009626,CASH_LOAN,0,False,False,0.7736942189205325,NO_ACTION,True
APP-42-010120,CASH_LOAN,30,False,False,0.8024875800321846,DIGITAL_PROMISE_TO_PAY,True
APP-42-010728,CASH_LOAN,0,False,False,0.7403483816750587,NO_ACTION,True
APP-42-010149,BNPL,90,False,False,0.5752673511084613,INTENSIVE_RECOVERY_REVIEW,True
APP-42-009633,CASH_LOAN,60,False,False,0.799389318360447,DIGITAL_PROMISE_TO_PAY,True
APP-42-009660,BNPL,30,False,False,0.6350509617533144,DIGITAL_PROMISE_TO_PAY,True
APP-42-011735,BNPL,30,False,False,0.7932623255485933,DIGITAL_PROMISE_TO_PAY,True
APP-42-010930,CASH_LOAN,5,False,False,0.7981040246681058,FRIENDLY_APP_REMINDER,True
APP-42-009873,CASH_LOAN,90,False,False,0.9132112607401954,INTENSIVE_RECOVERY_REVIEW,True
APP-42-010965,BUSINESS_LOAN,0,False,False,0.6578435683653224,NO_ACTION,True
APP-42-010004,CASH_LOAN,0,True,False,0.4641169088350433,SUPPRESS_CONTACT_RECONCILE_PAYMENT,False
APP-42-010552,BNPL,30,False,False,0.7944484736825904,DIGITAL_PROMISE_TO_PAY,True
APP-42-011731,BUSINESS_LOAN,5,False,False,0.8065101180198251,FRIENDLY_APP_REMINDER,True
APP-42-010031,CASH_LOAN,0,False,False,0.6477316995138355,NO_ACTION,True
APP-42-010685,CASH_LOAN,15,False,False,0.8792789834881004,FRIENDLY_APP_REMINDER,True
APP-42-011667,CASH_LOAN,5,False,False,0.8203812363534148,FRIENDLY_APP_REMINDER,True
APP-42-010530,BUSINESS_LOAN,0,False,False,0.8541567971984777,NO_ACTION,True
APP-42-010712,CASH_LOAN,60,False,False,0.8456093253931265,DIGITAL_PROMISE_TO_PAY,True
APP-42-011368,CASH_LOAN,5,False,False,0.7751511423737503,FRIENDLY_APP_REMINDER,True
APP-42-011566,BNPL,0,False,False,0.7731636801299355,NO_ACTION,True
APP-42-010108,CASH_LOAN,0,False,False,0.9035065191413377,NO_ACTION,True
APP-42-011133,BNPL,0,False,False,0.6883203046493326,NO_ACTION,True
APP-42-010361,CASH_LOAN,0,False,True,0.7697377845213802,SPECIALIST_HARDSHIP_REVIEW,True
APP-42-009957,BUSINESS_LOAN,5,False,False,0.8499148900301707,FRIENDLY_APP_REMINDER,True
APP-42-011369,CASH_LOAN,15,False,False,0.7970105879759347,FRIENDLY_APP_REMINDER,True
APP-42-010415,CASH_LOAN,15,False,False,0.8841259337540884,FRIENDLY_APP_REMINDER,True
APP-42-010325,CASH_LOAN,5,False,False,0.7182768039862177,FRIENDLY_APP_REMINDER,True
APP-42-010419,CASH_LOAN,15,False,False,0.8393104664393697,FRIENDLY_APP_REMINDER,True
APP-42-011178,CASH_LOAN,30,False,False,0.6268128388264521,DIGITAL_PROMISE_TO_PAY,True
APP-42-010586,CASH_LOAN,15,False,False,0.6609937755566957,FRIENDLY_APP_REMINDER,True
APP-42-011644,CASH_LOAN,0,False,False,0.5191821921136606,NO_ACTION,True
APP-42-010899,CASH_LOAN,0,True,False,0.8197356825867422,SUPPRESS_CONTACT_RECONCILE_PAYMENT,False
APP-42-009786,BNPL,15,False,False,0.8692443579509646,FRIENDLY_APP_REMINDER,True
APP-42-011416,CASH_LOAN,0,False,False,0.7419129854071524,NO_ACTION,True
APP-42-009940,CASH_LOAN,15,False,False,0.9095872419467742,FRIENDLY_APP_REMINDER,True
APP-42-011460,CASH_LOAN,30,False,False,0.5685856108945129,DIGITAL_PROMISE_TO_PAY,True
APP-42-011205,BNPL,5,False,False,0.8450221926251289,FRIENDLY_APP_REMINDER,True
APP-42-011798,BNPL,30,False,False,0.9771071077510208,DIGITAL_PROMISE_TO_PAY,True
APP-42-010328,BNPL,0,False,False,0.8706746810871776,NO_ACTION,True
APP-42-011479,BNPL,0,False,False,0.38962849508646824,NO_ACTION,True
APP-42-011870,BUSINESS_LOAN,5,False,False,0.76230916034619,FRIENDLY_APP_REMINDER,True
APP-42-011590,CASH_LOAN,5,False,False,0.8609177239827742,FRIENDLY_APP_REMINDER,True
APP-42-010485,CASH_LOAN,60,False,False,0.789485781494235,DIGITAL_PROMISE_TO_PAY,True
APP-42-010859,CASH_LOAN,0,False,False,0.9310195455678134,NO_ACTION,True
APP-42-011943,CASH_LOAN,30,False,False,0.8050356039867992,DIGITAL_PROMISE_TO_PAY,True
APP-42-011921,BNPL,0,False,True,0.7420996988123615,SPECIALIST_HARDSHIP_REVIEW,True
APP-42-011550,BUSINESS_LOAN,0,False,False,0.7712256961862652,NO_ACTION,True
APP-42-011445,CASH_LOAN,30,False,False,0.8132619030335962,DIGITAL_PROMISE_TO_PAY,True
APP-42-010593,BNPL,15,False,False,0.8090628510491031,FRIENDLY_APP_REMINDER,True
APP-42-010996,BNPL,0,False,False,0.9501875338057552,NO_ACTION,True
APP-42-011641,BNPL,5,False,False,0.7618575623279811,FRIENDLY_APP_REMINDER,True
APP-42-010915,CASH_LOAN,0,False,False,0.7367000802526963,NO_ACTION,True
APP-42-009774,CASH_LOAN,15,False,False,0.850663184513597,FRIENDLY_APP_REMINDER,True
APP-42-010364,CASH_LOAN,15,False,False,0.9249700913813733,FRIENDLY_APP_REMINDER,True
APP-42-010689,BNPL,0,False,False,0.7894768130769233,NO_ACTION,True
APP-42-011280,CASH_LOAN,90,False,False,0.7192020993076559,INTENSIVE_RECOVERY_REVIEW,True
APP-42-010640,CASH_LOAN,15,False,False,0.8739665930118137,FRIENDLY_APP_REMINDER,True
APP-42-010050,BNPL,0,False,False,0.7900049648376526,NO_ACTION,True
APP-42-011867,CASH_LOAN,60,False,False,0.7360092191247287,DIGITAL_PROMISE_TO_PAY,True
APP-42-011557,BUSINESS_LOAN,0,False,False,0.850472900100292,NO_ACTION,True
APP-42-010114,BUSINESS_LOAN,0,False,False,0.8744937559588772,NO_ACTION,True
APP-42-010651,CASH_LOAN,60,False,False,0.8041800507290837,DIGITAL_PROMISE_TO_PAY,True
APP-42-011054,CASH_LOAN,0,False,False,0.9391029407309627,NO_ACTION,True
APP-42-009695,CASH_LOAN,0,False,False,0.8464895342208193,NO_ACTION,True
APP-42-011908,CASH_LOAN,30,False,False,0.6761202862401338,DIGITAL_PROMISE_TO_PAY,True
APP-42-009973,BNPL,60,False,False,0.8271086728803506,DIGITAL_PROMISE_TO_PAY,True
APP-42-011099,CASH_LOAN,90,False,False,0.7625458565837396,INTENSIVE_RECOVERY_REVIEW,True
APP-42-010709,BUSINESS_LOAN,15,False,False,0.7871367647211801,FRIENDLY_APP_REMINDER,True
APP-42-011923,BNPL,5,False,False,0.5924780523213038,FRIENDLY_APP_REMINDER,True
APP-42-010557,CASH_LOAN,0,False,False,0.8523239206840879,NO_ACTION,True
APP-42-011880,BNPL,60,False,False,0.850999989872677,DIGITAL_PROMISE_TO_PAY,True
APP-42-011448,BNPL,0,False,False,0.8159224798711217,NO_ACTION,True
APP-42-011623,CASH_LOAN,0,False,False,0.7554813048813485,NO_ACTION,True
APP-42-011167,BUSINESS_LOAN,30,False,False,0.6317522409293903,DIGITAL_PROMISE_TO_PAY,True
APP-42-009775,BNPL,0,False,False,0.6650586761581243,NO_ACTION,True
APP-42-009844,CASH_LOAN,90,False,False,0.5357552567939915,INTENSIVE_RECOVERY_REVIEW,True
APP-42-009753,BUSINESS_LOAN,15,False,False,0.8342666664698192,FRIENDLY_APP_REMINDER,True
APP-42-010100,BNPL,0,False,False,0.761727035354096,NO_ACTION,True
APP-42-011834,CASH_LOAN,0,False,False,0.8826511495723511,NO_ACTION,True
APP-42-011682,BNPL,0,False,False,0.7262260430541231,NO_ACTION,True
APP-42-009839,CASH_LOAN,5,False,False,0.9281950455439794,FRIENDLY_APP_REMINDER,True
APP-42-011732,CASH_LOAN,30,False,False,0.8273763022010208,DIGITAL_PROMISE_TO_PAY,True
APP-42-009683,CASH_LOAN,0,False,False,0.5789346293783605,NO_ACTION,True
APP-42-010471,BNPL,0,False,False,0.9074549608554485,NO_ACTION,True
APP-42-011191,BNPL,15,False,False,0.6354686294108949,FRIENDLY_APP_REMINDER,True
APP-42-010426,BNPL,0,False,False,0.7539320866951476,NO_ACTION,True
APP-42-009840,CASH_LOAN,0,False,False,0.7805460809000118,NO_ACTION,True
APP-42-010768,BNPL,0,False,False,0.7093237223526583,NO_ACTION,True
APP-42-011656,BNPL,5,False,False,0.9808997098367225,FRIENDLY_APP_REMINDER,True
APP-42-009680,CASH_LOAN,0,False,False,0.6057800646648996,NO_ACTION,True
APP-42-010775,BNPL,90,False,False,0.18375503564892764,INTENSIVE_RECOVERY_REVIEW,True
APP-42-010526,CASH_LOAN,15,False,False,0.8801893919944482,FRIENDLY_APP_REMINDER,True
APP-42-010195,CASH_LOAN,5,False,False,0.7341341634135757,FRIENDLY_APP_REMINDER,True
APP-42-011636,CASH_LOAN,0,False,False,0.894523652330742,NO_ACTION,True
APP-42-009692,BNPL,5,False,False,0.5214121767262199,FRIENDLY_APP_REMINDER,True
APP-42-010307,CASH_LOAN,0,False,False,0.9502096780218984,NO_ACTION,True
APP-42-010336,CASH_LOAN,15,False,False,0.7433343084668852,FRIENDLY_APP_REMINDER,True
APP-42-011886,BUSINESS_LOAN,60,False,False,0.8938560362140144,DIGITAL_PROMISE_TO_PAY,True
APP-42-011367,BUSINESS_LOAN,90,False,False,0.401180532971913,INTENSIVE_RECOVERY_REVIEW,True
APP-42-010494,CASH_LOAN,0,False,False,0.6008050535206538,NO_ACTION,True
APP-42-011333,BNPL,5,False,False,0.8289284222391604,FRIENDLY_APP_REMINDER,True
APP-42-010856,CASH_LOAN,0,False,False,0.7400760728543048,NO_ACTION,True
APP-42-010243,CASH_LOAN,0,False,False,0.8680740204259921,NO_ACTION,True
APP-42-011172,BUSINESS_LOAN,30,False,False,0.5929849569612877,DIGITAL_PROMISE_TO_PAY,True
APP-42-010182,CASH_LOAN,90,False,False,0.6079254038441866,INTENSIVE_RECOVERY_REVIEW,True
APP-42-011423,BNPL,0,False,False,0.8190620859574342,NO_ACTION,True
APP-42-010062,CASH_LOAN,30,False,False,0.9155908049787861,DIGITAL_PROMISE_TO_PAY,True
APP-42-010668,BNPL,0,False,False,0.9169617317501786,NO_ACTION,True
APP-42-010834,CASH_LOAN,0,False,False,0.9738486336990657,NO_ACTION,True
APP-42-010852,BNPL,90,False,False,0.6799800026191811,INTENSIVE_RECOVERY_REVIEW,True
APP-42-010156,BUSINESS_LOAN,0,False,False,0.6964210888621712,NO_ACTION,True
APP-42-011563,BNPL,15,False,False,0.7638422203145192,FRIENDLY_APP_REMINDER,True
APP-42-010602,BNPL,0,True,False,0.8896834473901678,SUPPRESS_CONTACT_RECONCILE_PAYMENT,False
APP-42-011219,BUSINESS_LOAN,30,False,False,0.5742723620330458,DIGITAL_PROMISE_TO_PAY,True
APP-42-011069,CASH_LOAN,90,False,False,0.6963430571459996,INTENSIVE_RECOVERY_REVIEW,True
APP-42-011612,CASH_LOAN,15,False,False,0.909893099648457,FRIENDLY_APP_REMINDER,True
APP-42-011694,BUSINESS_LOAN,15,False,False,0.9718440332281063,FRIENDLY_APP_REMINDER,True
APP-42-010811,BNPL,5,False,False,0.7186404520969727,FRIENDLY_APP_REMINDER,True
APP-42-011483,CASH_LOAN,0,False,False,0.8337143992099297,NO_ACTION,True
APP-42-011269,BUSINESS_LOAN,15,False,False,0.8073843319551554,FRIENDLY_APP_REMINDER,True
APP-42-010395,CASH_LOAN,30,False,False,0.8694942166130698,DIGITAL_PROMISE_TO_PAY,True
APP-42-011361,CASH_LOAN,60,False,False,0.7520490646358219,DIGITAL_PROMISE_TO_PAY,True
APP-42-011087,BUSINESS_LOAN,30,False,False,0.9248951481338031,DIGITAL_PROMISE_TO_PAY,True
APP-42-011263,CASH_LOAN,30,False,False,0.7751118074336553,DIGITAL_PROMISE_TO_PAY,True
APP-42-011092,BNPL,30,False,False,0.8986642108362216,DIGITAL_PROMISE_TO_PAY,True
APP-42-009867,CASH_LOAN,0,False,False,0.9359775748858746,NO_ACTION,True
APP-42-010751,BNPL,0,False,False,0.9111702699525819,NO_ACTION,True
APP-42-011004,BNPL,90,False,False,0.7407716491732973,INTENSIVE_RECOVERY_REVIEW,True
APP-42-010935,CASH_LOAN,15,False,False,0.5968168346505559,FRIENDLY_APP_REMINDER,True
APP-42-011475,CASH_LOAN,30,False,False,0.8750388956533581,DIGITAL_PROMISE_TO_PAY,True
APP-42-011765,CASH_LOAN,0,False,False,0.7613444015377568,NO_ACTION,True
APP-42-011137,CASH_LOAN,90,False,False,0.9056794751112347,INTENSIVE_RECOVERY_REVIEW,True
APP-42-011346,CASH_LOAN,30,False,False,0.8719975649261471,DIGITAL_PROMISE_TO_PAY,True
APP-42-010162,BNPL,0,False,False,0.8988598482064516,NO_ACTION,True
APP-42-009878,CASH_LOAN,0,False,False,0.7230021835483685,NO_ACTION,True
APP-42-009639,BNPL,15,False,False,0.5959247001167568,FRIENDLY_APP_REMINDER,True
APP-42-010228,BNPL,15,False,False,0.7961734328154851,FRIENDLY_APP_REMINDER,True
APP-42-009653,CASH_LOAN,0,False,False,0.8696664256015724,NO_ACTION,True
APP-42-009997,BNPL,0,False,False,0.8863904986195033,NO_ACTION,True
APP-42-010380,CASH_LOAN,30,False,False,0.6145641484247498,DIGITAL_PROMISE_TO_PAY,True
APP-42-010091,CASH_LOAN,30,False,False,0.43917191320450255,DIGITAL_PROMISE_TO_PAY,True
APP-42-010760,CASH_LOAN,5,False,False,0.9557546797185567,FRIENDLY_APP_REMINDER,True
APP-42-009763,CASH_LOAN,30,False,True,0.5021228269904257,SPECIALIST_HARDSHIP_REVIEW,True
APP-42-010631,BUSINESS_LOAN,60,False,False,0.6566341122610508,DIGITAL_PROMISE_TO_PAY,True
APP-42-011545,CASH_LOAN,0,False,False,0.8865396798831725,NO_ACTION,True
APP-42-010458,CASH_LOAN,0,False,False,0.9425415740741224,NO_ACTION,True
APP-42-009669,CASH_LOAN,0,False,False,0.7726579129240405,NO_ACTION,True
APP-42-010681,BNPL,15,False,False,0.521258510853799,FRIENDLY_APP_REMINDER,True
APP-42-011212,CASH_LOAN,0,False,False,0.6851616313888064,NO_ACTION,True
APP-42-010540,CASH_LOAN,15,False,False,0.8255914286693005,FRIENDLY_APP_REMINDER,True
APP-42-010334,CASH_LOAN,0,False,False,0.6812180268788446,NO_ACTION,True
APP-42-010907,CASH_LOAN,0,False,False,0.5932937145696403,NO_ACTION,True
APP-42-011537,BNPL,0,False,False,0.7550758911175193,NO_ACTION,True
APP-42-011866,CASH_LOAN,5,False,False,0.9861840291483068,FRIENDLY_APP_REMINDER,True
APP-42-010274,CASH_LOAN,30,False,False,0.789443342583617,DIGITAL_PROMISE_TO_PAY,True
APP-42-010912,CASH_LOAN,60,False,False,0.7888835632176798,DIGITAL_PROMISE_TO_PAY,True
APP-42-011871,CASH_LOAN,30,False,False,0.7195105775113079,DIGITAL_PROMISE_TO_PAY,True
APP-42-011244,BNPL,15,False,False,0.9311304817169751,FRIENDLY_APP_REMINDER,True
APP-42-011312,CASH_LOAN,0,False,False,0.9273310719829403,NO_ACTION,True
APP-42-011982,CASH_LOAN,15,False,False,0.6506916953943976,FRIENDLY_APP_REMINDER,True
APP-42-009903,CASH_LOAN,15,False,False,0.7409027727256028,FRIENDLY_APP_REMINDER,True
APP-42-011075,CASH_LOAN,5,False,False,0.8949080596159567,FRIENDLY_APP_REMINDER,True
APP-42-011077,CASH_LOAN,30,False,False,0.7916968853451212,DIGITAL_PROMISE_TO_PAY,True
APP-42-010928,CASH_LOAN,5,False,False,0.9479488255988677,FRIENDLY_APP_REMINDER,True
APP-42-010299,BNPL,0,False,False,0.7698003153016099,NO_ACTION,True
APP-42-011597,CASH_LOAN,60,False,False,0.8189751357530043,DIGITAL_PROMISE_TO_PAY,True
APP-42-011347,CASH_LOAN,90,False,False,0.8383740170133763,INTENSIVE_RECOVERY_REVIEW,True
APP-42-009602,CASH_LOAN,60,False,False,0.7221874867173828,DIGITAL_PROMISE_TO_PAY,True
APP-42-011208,CASH_LOAN,30,False,False,0.4894837261397492,DIGITAL_PROMISE_TO_PAY,True
APP-42-009849,BNPL,0,False,False,0.7562106399404845,NO_ACTION,True
APP-42-011462,CASH_LOAN,60,False,False,0.9190102830766679,DIGITAL_PROMISE_TO_PAY,True
APP-42-009911,CASH_LOAN,60,False,False,0.8514800568506072,DIGITAL_PROMISE_TO_PAY,True
APP-42-011645,BNPL,30,False,True,0.7718277321179849,SPECIALIST_HARDSHIP_REVIEW,True
APP-42-010808,BUSINESS_LOAN,0,False,False,0.8841762632488186,NO_ACTION,True
APP-42-010558,CASH_LOAN,5,False,False,0.8673355204939457,FRIENDLY_APP_REMINDER,True
APP-42-011957,CASH_LOAN,0,False,False,0.8264413852568001,NO_ACTION,True
APP-42-011187,BNPL,60,False,False,0.8287351021438902,DIGITAL_PROMISE_TO_PAY,True
APP-42-010937,CASH_LOAN,0,False,False,0.9053165101732529,NO_ACTION,True
APP-42-010647,CASH_LOAN,5,False,False,0.8919006482684498,FRIENDLY_APP_REMINDER,True
APP-42-010301,BNPL,90,False,False,0.7315478526329551,INTENSIVE_RECOVERY_REVIEW,True
APP-42-011469,BNPL,15,False,False,0.9367236805396378,FRIENDLY_APP_REMINDER,True
APP-42-010444,CASH_LOAN,15,False,False,0.7170033062596032,FRIENDLY_APP_REMINDER,True
APP-42-010038,BUSINESS_LOAN,30,False,True,0.9227054012067895,SPECIALIST_HARDSHIP_REVIEW,True
APP-42-010247,BNPL,90,False,False,0.8240694260973255,INTENSIVE_RECOVERY_REVIEW,True
APP-42-011320,CASH_LOAN,90,False,False,0.9357207557893039,INTENSIVE_RECOVERY_REVIEW,True
APP-42-009987,BNPL,0,False,False,0.9708529031674714,NO_ACTION,True
APP-42-011334,BUSINESS_LOAN,60,False,False,0.7873465033829186,DIGITAL_PROMISE_TO_PAY,True
APP-42-011966,CASH_LOAN,90,False,False,0.9025003564611865,INTENSIVE_RECOVERY_REVIEW,True
APP-42-010003,CASH_LOAN,30,False,False,0.5644070139927186,DIGITAL_PROMISE_TO_PAY,True
APP-42-011680,CASH_LOAN,15,False,False,0.7412930968385744,FRIENDLY_APP_REMINDER,True
APP-42-011576,CASH_LOAN,0,False,False,0.6343295740162928,NO_ACTION,True
APP-42-010731,BNPL,0,False,False,0.9197258320067178,NO_ACTION,True
APP-42-009743,BUSINESS_LOAN,90,False,False,0.8005681684433346,INTENSIVE_RECOVERY_REVIEW,True
APP-42-011088,CASH_LOAN,5,False,False,0.922779988759934,FRIENDLY_APP_REMINDER,True
APP-42-009893,CASH_LOAN,0,False,False,0.9370315563187831,NO_ACTION,True
APP-42-010550,BUSINESS_LOAN,0,False,False,0.7579002741691024,NO_ACTION,True
APP-42-009764,BUSINESS_LOAN,0,False,False,0.840969217987581,NO_ACTION,True
APP-42-011777,CASH_LOAN,30,False,False,0.7157447618952677,DIGITAL_PROMISE_TO_PAY,True
APP-42-010863,CASH_LOAN,0,False,False,0.8553270124422705,NO_ACTION,True
APP-42-011188,CASH_LOAN,0,False,False,0.9637848468987485,NO_ACTION,True
APP-42-010440,CASH_LOAN,90,False,False,0.7775172585731549,INTENSIVE_RECOVERY_REVIEW,True
APP-42-010057,BNPL,60,False,False,0.7057306766535714,DIGITAL_PROMISE_TO_PAY,True
APP-42-009945,CASH_LOAN,0,False,False,0.856561489909301,NO_ACTION,True
APP-42-011650,BNPL,0,False,False,0.6981767430086216,NO_ACTION,True
APP-42-010158,BNPL,30,False,False,0.553598913150967,DIGITAL_PROMISE_TO_PAY,True
APP-42-011113,BNPL,0,False,True,0.5668904324764109,SPECIALIST_HARDSHIP_REVIEW,True
APP-42-009874,BUSINESS_LOAN,0,False,False,0.9665896859683818,NO_ACTION,True
APP-42-010966,BUSINESS_LOAN,5,False,False,0.7546393770295464,FRIENDLY_APP_REMINDER,True
APP-42-011264,CASH_LOAN,15,False,False,0.8733125171780272,FRIENDLY_APP_REMINDER,True
APP-42-010990,BNPL,0,False,False,0.6903298881813374,NO_ACTION,True
APP-42-010844,CASH_LOAN,90,False,False,0.8791942515543814,INTENSIVE_RECOVERY_REVIEW,True
APP-42-009868,CASH_LOAN,0,False,False,0.7272009516584066,NO_ACTION,True
APP-42-010840,CASH_LOAN,90,False,False,0.5255787532034063,INTENSIVE_RECOVERY_REVIEW,True
APP-42-011389,BUSINESS_LOAN,5,False,False,0.4883529633696014,FRIENDLY_APP_REMINDER,True
APP-42-009679,BNPL,0,False,False,0.7915614135923366,NO_ACTION,True
APP-42-010255,BUSINESS_LOAN,30,False,False,0.6303217425477644,DIGITAL_PROMISE_TO_PAY,True
APP-42-009722,CASH_LOAN,90,False,False,0.46739710361671666,INTENSIVE_RECOVERY_REVIEW,True
APP-42-009654,BNPL,0,False,False,0.7908807492762414,NO_ACTION,True
APP-42-011221,CASH_LOAN,30,False,False,0.6408961414593846,DIGITAL_PROMISE_TO_PAY,True
APP-42-011033,CASH_LOAN,90,True,False,0.7384294461507563,SUPPRESS_CONTACT_RECONCILE_PAYMENT,False
APP-42-011960,BNPL,90,False,False,0.9266009042670167,INTENSIVE_RECOVERY_REVIEW,True
APP-42-010079,CASH_LOAN,30,False,True,0.5544417286879301,SPECIALIST_HARDSHIP_REVIEW,True
APP-42-011799,BNPL,15,False,False,0.8449954177787815,FRIENDLY_APP_REMINDER,True
APP-42-010807,CASH_LOAN,30,False,False,0.792733431268222,DIGITAL_PROMISE_TO_PAY,True
APP-42-011293,BUSINESS_LOAN,60,False,False,0.7193184927921352,DIGITAL_PROMISE_TO_PAY,True
APP-42-010400,BNPL,0,False,False,0.7970911985958251,NO_ACTION,True
APP-42-011603,BNPL,90,False,False,0.8586057459893481,INTENSIVE_RECOVERY_REVIEW,True
APP-42-009882,CASH_LOAN,60,False,False,0.6264667311642584,DIGITAL_PROMISE_TO_PAY,True
APP-42-009605,CASH_LOAN,90,False,False,0.6749253667406645,INTENSIVE_RECOVERY_REVIEW,True
APP-42-010034,CASH_LOAN,60,False,False,0.9350161067808513,DIGITAL_PROMISE_TO_PAY,True
APP-42-009805,CASH_LOAN,30,False,False,0.8618388352422675,DIGITAL_PROMISE_TO_PAY,True
APP-42-010369,BNPL,0,False,False,0.56480066876002,NO_ACTION,True
APP-42-011074,CASH_LOAN,15,False,False,0.8082234080830453,FRIENDLY_APP_REMINDER,True
APP-42-011163,BUSINESS_LOAN,30,False,True,0.9139674764953376,SPECIALIST_HARDSHIP_REVIEW,True
APP-42-009641,CASH_LOAN,0,False,False,0.7501534117935392,NO_ACTION,True
APP-42-010769,BUSINESS_LOAN,0,False,False,0.6615574429115388,NO_ACTION,True
APP-42-010785,BNPL,0,False,True,0.8550767161885048,SPECIALIST_HARDSHIP_REVIEW,True
APP-42-010629,CASH_LOAN,0,False,False,0.7234808369159114,NO_ACTION,True
APP-42-010192,BUSINESS_LOAN,5,False,False,0.8756515719360459,FRIENDLY_APP_REMINDER,True
APP-42-009995,CASH_LOAN,0,False,False,0.9948023140664087,NO_ACTION,True
APP-42-010786,CASH_LOAN,30,False,False,0.6543591017511078,DIGITAL_PROMISE_TO_PAY,True
APP-42-010606,BNPL,15,False,True,0.8820609382533363,SPECIALIST_HARDSHIP_REVIEW,True
APP-42-011311,BUSINESS_LOAN,0,False,False,0.7809463394004034,NO_ACTION,True
APP-42-010941,CASH_LOAN,0,False,False,0.8488138090250421,NO_ACTION,True
APP-42-010787,BNPL,5,False,False,0.6848563038623326,FRIENDLY_APP_REMINDER,True
APP-42-010831,BNPL,90,False,False,0.7703841125444602,INTENSIVE_RECOVERY_REVIEW,True
APP-42-011830,CASH_LOAN,30,False,False,0.739938661700392,DIGITAL_PROMISE_TO_PAY,True
APP-42-010624,BNPL,60,False,False,0.9184790295114896,DIGITAL_PROMISE_TO_PAY,True
APP-42-010617,CASH_LOAN,60,False,False,0.7265463840049378,DIGITAL_PROMISE_TO_PAY,True
APP-42-009958,CASH_LOAN,60,False,False,0.8267363222133032,DIGITAL_PROMISE_TO_PAY,True
APP-42-011824,BNPL,30,False,False,0.9276679946817559,DIGITAL_PROMISE_TO_PAY,True
APP-42-010392,BNPL,0,False,False,0.9154646277920878,NO_ACTION,True
APP-42-010792,BNPL,90,False,False,0.9493565682810189,INTENSIVE_RECOVERY_REVIEW,True
APP-42-011063,CASH_LOAN,0,False,False,0.8034358249301928,NO_ACTION,True
APP-42-011317,CASH_LOAN,0,False,False,0.7884902659172606,NO_ACTION,True
APP-42-009904,CASH_LOAN,15,False,False,0.76681854531574,FRIENDLY_APP_REMINDER,True
APP-42-010862,CASH_LOAN,0,False,False,0.8134304707977908,NO_ACTION,True
APP-42-011352,BUSINESS_LOAN,5,False,False,0.7836118825818786,FRIENDLY_APP_REMINDER,True
APP-42-010190,BUSINESS_LOAN,60,False,False,0.9280753828432526,DIGITAL_PROMISE_TO_PAY,True
APP-42-010317,BUSINESS_LOAN,0,False,False,0.8322319464342353,NO_ACTION,True
APP-42-009718,CASH_LOAN,0,False,False,0.6053716237683755,NO_ACTION,True
APP-42-009883,CASH_LOAN,15,False,False,0.7994981865747826,FRIENDLY_APP_REMINDER,True
APP-42-010211,CASH_LOAN,15,False,False,0.7785520381738815,FRIENDLY_APP_REMINDER,True
APP-42-009703,BUSINESS_LOAN,0,False,False,0.7872072986739503,NO_ACTION,True
APP-42-010313,CASH_LOAN,0,False,False,0.9083750616551214,NO_ACTION,True
APP-42-011807,BUSINESS_LOAN,5,False,True,0.9178374218364115,SPECIALIST_HARDSHIP_REVIEW,True
APP-42-010488,CASH_LOAN,0,False,False,0.6974587797654441,NO_ACTION,True
APP-42-010081,BNPL,30,False,False,0.7897025536099072,DIGITAL_PROMISE_TO_PAY,True
APP-42-011394,CASH_LOAN,0,False,False,0.6930599979811267,NO_ACTION,True
APP-42-010837,BUSINESS_LOAN,0,False,False,0.6971650181275049,NO_ACTION,True
APP-42-010625,CASH_LOAN,5,False,False,0.8572547216138555,FRIENDLY_APP_REMINDER,True
APP-42-010991,CASH_LOAN,5,False,False,0.7824447578527044,FRIENDLY_APP_REMINDER,True
APP-42-011572,CASH_LOAN,0,False,False,0.9338886589059471,NO_ACTION,True
APP-42-011322,CASH_LOAN,30,False,False,0.7945689258258362,DIGITAL_PROMISE_TO_PAY,True
APP-42-011237,CASH_LOAN,5,False,False,0.623463418253713,FRIENDLY_APP_REMINDER,True
APP-42-010155,CASH_LOAN,0,False,False,0.5425731108275077,NO_ACTION,True
APP-42-010376,BUSINESS_LOAN,0,False,False,0.8319370264465724,NO_ACTION,True
APP-42-010289,BUSINESS_LOAN,0,False,True,0.9492377232154725,SPECIALIST_HARDSHIP_REVIEW,True
APP-42-011705,CASH_LOAN,0,False,False,0.7941784677757161,NO_ACTION,True
APP-42-011613,CASH_LOAN,60,False,False,0.40750870626597163,DIGITAL_PROMISE_TO_PAY,True
APP-42-010161,BUSINESS_LOAN,30,False,False,0.6804085357460625,DIGITAL_PROMISE_TO_PAY,True
APP-42-010851,CASH_LOAN,60,False,False,0.6036381260297703,DIGITAL_PROMISE_TO_PAY,True
APP-42-011954,BNPL,90,False,False,0.6508573618490983,INTENSIVE_RECOVERY_REVIEW,True
APP-42-011201,CASH_LOAN,90,False,False,0.8521947878881002,INTENSIVE_RECOVERY_REVIEW,True
APP-42-009728,CASH_LOAN,0,False,False,0.926494616327815,NO_ACTION,True
APP-42-011158,CASH_LOAN,0,True,True,0.9645640985036966,SUPPRESS_CONTACT_RECONCILE_PAYMENT,False
APP-42-010697,BUSINESS_LOAN,0,False,False,0.8773440211998834,NO_ACTION,True
APP-42-010021,BUSINESS_LOAN,15,False,False,0.9551794920916862,FRIENDLY_APP_REMINDER,True
APP-42-011983,CASH_LOAN,0,False,False,0.8120984111566135,NO_ACTION,True
APP-42-010555,CASH_LOAN,0,False,False,0.7333215323376251,NO_ACTION,True
APP-42-011290,CASH_LOAN,0,False,False,0.6364336695765502,NO_ACTION,True
APP-42-010838,CASH_LOAN,60,False,False,0.944605402131266,DIGITAL_PROMISE_TO_PAY,True
APP-42-009875,CASH_LOAN,30,False,False,0.7387529211192688,DIGITAL_PROMISE_TO_PAY,True
APP-42-010908,CASH_LOAN,15,False,False,0.7384132561433859,FRIENDLY_APP_REMINDER,True
APP-42-009983,BNPL,90,False,False,0.7538732970262563,INTENSIVE_RECOVERY_REVIEW,True
APP-42-009981,CASH_LOAN,0,False,True,0.7030697522217354,SPECIALIST_HARDSHIP_REVIEW,True
APP-42-010417,CASH_LOAN,0,False,False,0.83298764153695,NO_ACTION,True
APP-42-009998,CASH_LOAN,0,False,False,0.8456613394064465,NO_ACTION,True
APP-42-010581,CASH_LOAN,60,False,False,0.451683709303205,DIGITAL_PROMISE_TO_PAY,True
APP-42-011513,BNPL,15,False,False,0.560611098135086,FRIENDLY_APP_REMINDER,True
APP-42-011348,BUSINESS_LOAN,0,False,False,0.7255531819008978,NO_ACTION,True
APP-42-010957,CASH_LOAN,30,False,False,0.7500963323401386,DIGITAL_PROMISE_TO_PAY,True
APP-42-010535,CASH_LOAN,0,False,False,0.8550371233644432,NO_ACTION,True
APP-42-011601,CASH_LOAN,90,False,False,0.7265538948455988,INTENSIVE_RECOVERY_REVIEW,True
APP-42-010377,CASH_LOAN,0,False,False,0.9394769256251667,NO_ACTION,True
APP-42-010297,CASH_LOAN,0,False,False,0.900157569635978,NO_ACTION,True
APP-42-010087,CASH_LOAN,0,False,False,0.7557091619427532,NO_ACTION,True
APP-42-009759,CASH_LOAN,60,False,False,0.767672344186473,DIGITAL_PROMISE_TO_PAY,True
APP-42-010950,BNPL,30,False,False,0.6636495407457542,DIGITAL_PROMISE_TO_PAY,True
APP-42-010658,BUSINESS_LOAN,15,False,False,0.8068059001481289,FRIENDLY_APP_REMINDER,True
APP-42-010259,BNPL,30,False,False,0.9271027775727839,DIGITAL_PROMISE_TO_PAY,True
APP-42-011733,BUSINESS_LOAN,5,False,False,0.8386096789575289,FRIENDLY_APP_REMINDER,True
APP-42-010670,CASH_LOAN,0,False,False,0.5208492374356882,NO_ACTION,True
APP-42-010391,CASH_LOAN,5,False,False,0.8522553866357523,FRIENDLY_APP_REMINDER,True
APP-42-009858,CASH_LOAN,30,False,False,0.5725286369052315,DIGITAL_PROMISE_TO_PAY,True
APP-42-011470,BUSINESS_LOAN,0,False,False,0.7769435702574015,NO_ACTION,True
APP-42-010983,BUSINESS_LOAN,0,False,False,0.7653580320837498,NO_ACTION,True
APP-42-011400,CASH_LOAN,0,False,False,0.7055496898020402,NO_ACTION,True
APP-42-011474,CASH_LOAN,60,False,False,0.793289007056701,DIGITAL_PROMISE_TO_PAY,True
APP-42-011294,CASH_LOAN,0,False,True,0.7174452437113465,SPECIALIST_HARDSHIP_REVIEW,True
APP-42-011268,CASH_LOAN,0,False,False,0.9286190832259444,NO_ACTION,True
APP-42-010086,CASH_LOAN,15,False,False,0.7991381582208097,FRIENDLY_APP_REMINDER,True
APP-42-011122,CASH_LOAN,15,False,False,0.9108351496484354,FRIENDLY_APP_REMINDER,True
APP-42-010388,CASH_LOAN,0,False,False,0.7124960732622472,NO_ACTION,True
APP-42-011467,BNPL,5,False,False,0.9426090582136395,FRIENDLY_APP_REMINDER,True
APP-42-010791,CASH_LOAN,0,False,False,0.643921885528852,NO_ACTION,True
APP-42-011917,CASH_LOAN,0,False,False,0.8132780194859084,NO_ACTION,True
APP-42-010407,CASH_LOAN,5,False,False,0.6580065160584341,FRIENDLY_APP_REMINDER,True
APP-42-010613,BNPL,0,False,False,0.6643107679779314,NO_ACTION,True
APP-42-010318,CASH_LOAN,5,False,False,0.8815703185189309,FRIENDLY_APP_REMINDER,True
APP-42-011153,CASH_LOAN,0,False,False,0.7480076427140631,NO_ACTION,True
APP-42-010446,CASH_LOAN,0,False,False,0.9293526993013175,NO_ACTION,True
APP-42-010316,CASH_LOAN,30,False,False,0.7615202459798395,DIGITAL_PROMISE_TO_PAY,True
APP-42-011214,BNPL,0,False,False,0.7645671664187522,NO_ACTION,True
APP-42-010394,CASH_LOAN,30,False,False,0.8322246698674853,DIGITAL_PROMISE_TO_PAY,True
APP-42-011217,BUSINESS_LOAN,90,False,False,0.9658499315786437,INTENSIVE_RECOVERY_REVIEW,True
APP-42-010135,BUSINESS_LOAN,30,False,False,0.7759447054458796,DIGITAL_PROMISE_TO_PAY,True
APP-42-011770,BNPL,0,False,False,0.8844369086795183,NO_ACTION,True
APP-42-010918,CASH_LOAN,15,False,False,0.5088237267609138,FRIENDLY_APP_REMINDER,True
APP-42-009699,BNPL,0,False,False,0.8425936585111208,NO_ACTION,True
APP-42-010007,BUSINESS_LOAN,0,False,False,0.6744769410509178,NO_ACTION,True
APP-42-011454,CASH_LOAN,5,False,False,0.8327040852409375,FRIENDLY_APP_REMINDER,True
APP-42-010790,CASH_LOAN,0,False,False,0.606766975445444,NO_ACTION,True
APP-42-010823,CASH_LOAN,15,False,False,0.8771179616560502,FRIENDLY_APP_REMINDER,True
APP-42-011826,BUSINESS_LOAN,15,False,False,0.8149118901960714,FRIENDLY_APP_REMINDER,True
APP-42-009765,CASH_LOAN,5,False,False,0.6062508545203599,FRIENDLY_APP_REMINDER,True
APP-42-011567,BNPL,0,False,False,0.7965114609240536,NO_ACTION,True
APP-42-009823,CASH_LOAN,90,False,True,0.7871790514475263,SPECIALIST_HARDSHIP_REVIEW,True
APP-42-010215,BUSINESS_LOAN,15,False,False,0.7252778691120874,FRIENDLY_APP_REMINDER,True
APP-42-010267,CASH_LOAN,0,False,True,0.39393203253676073,SPECIALIST_HARDSHIP_REVIEW,True
APP-42-011275,BUSINESS_LOAN,0,False,False,0.8840106549048157,NO_ACTION,True
APP-42-011515,CASH_LOAN,0,False,False,0.7316994068093556,NO_ACTION,True
APP-42-011125,CASH_LOAN,0,False,False,0.6299631814328983,NO_ACTION,True
APP-42-011006,CASH_LOAN,5,False,False,0.8481290973110001,FRIENDLY_APP_REMINDER,True
APP-42-010235,CASH_LOAN,15,False,False,0.8715973890119842,FRIENDLY_APP_REMINDER,True
APP-42-010065,CASH_LOAN,0,False,False,0.9562592130151087,NO_ACTION,True
APP-42-010539,CASH_LOAN,30,False,False,0.7631747967265544,DIGITAL_PROMISE_TO_PAY,True
APP-42-010835,CASH_LOAN,15,True,False,0.8243920944362779,SUPPRESS_CONTACT_RECONCILE_PAYMENT,False
APP-42-010816,CASH_LOAN,0,False,False,0.8390516942990605,NO_ACTION,True
APP-42-010961,BNPL,60,False,False,0.82026856974076,DIGITAL_PROMISE_TO_PAY,True
APP-42-011182,CASH_LOAN,15,False,False,0.6477542813446227,FRIENDLY_APP_REMINDER,True
APP-42-011180,CASH_LOAN,0,False,False,0.7247251410480365,NO_ACTION,True
APP-42-011979,CASH_LOAN,30,False,False,0.845238554899588,DIGITAL_PROMISE_TO_PAY,True
APP-42-011507,CASH_LOAN,0,False,False,0.6473849007551549,NO_ACTION,True
APP-42-010592,CASH_LOAN,15,False,False,0.9779435489474662,FRIENDLY_APP_REMINDER,True
APP-42-011118,BUSINESS_LOAN,0,False,False,0.8849564128717825,NO_ACTION,True
APP-42-011107,BUSINESS_LOAN,90,False,False,0.733636050346972,INTENSIVE_RECOVERY_REVIEW,True
APP-42-010597,CASH_LOAN,0,False,False,0.6407326500715895,NO_ACTION,True
APP-42-010888,CASH_LOAN,15,False,False,0.6200430986251169,FRIENDLY_APP_REMINDER,True
APP-42-009617,CASH_LOAN,0,False,False,0.8575934821514326,NO_ACTION,True
APP-42-009847,BNPL,0,False,False,0.6510495968507651,NO_ACTION,True
APP-42-010084,CASH_LOAN,30,False,False,0.9317921877028971,DIGITAL_PROMISE_TO_PAY,True
APP-42-011607,CASH_LOAN,0,False,True,0.4379399261742869,SPECIALIST_HARDSHIP_REVIEW,True
APP-42-009637,CASH_LOAN,0,False,False,0.9153955286632702,NO_ACTION,True
APP-42-011544,BUSINESS_LOAN,60,False,False,0.6097497794000126,DIGITAL_PROMISE_TO_PAY,True
APP-42-010268,BNPL,5,False,False,0.7479756781919699,FRIENDLY_APP_REMINDER,True
APP-42-010383,BNPL,15,False,False,0.601787630684957,FRIENDLY_APP_REMINDER,True
APP-42-010282,CASH_LOAN,30,False,False,0.7972826011637859,DIGITAL_PROMISE_TO_PAY,True
APP-42-010917,BNPL,30,False,False,0.8786445703595911,DIGITAL_PROMISE_TO_PAY,True
APP-42-011949,CASH_LOAN,0,False,False,0.7102608676413802,NO_ACTION,True
APP-42-009607,CASH_LOAN,0,False,False,0.864534609553234,NO_ACTION,True
APP-42-009976,BNPL,0,False,False,0.8356346189386066,NO_ACTION,True
APP-42-011598,CASH_LOAN,0,False,False,0.8765172480753045,NO_ACTION,True
APP-42-011755,BUSINESS_LOAN,15,False,False,0.6644890583981539,FRIENDLY_APP_REMINDER,True
APP-42-011853,BUSINESS_LOAN,5,False,True,0.9388134920085567,SPECIALIST_HARDSHIP_REVIEW,True
APP-42-011261,BNPL,0,False,False,0.6718413535215183,NO_ACTION,True
APP-42-009752,BNPL,15,False,False,0.7563875477553003,FRIENDLY_APP_REMINDER,True
APP-42-011435,CASH_LOAN,5,False,False,0.8125041422398865,FRIENDLY_APP_REMINDER,True
APP-42-011140,BNPL,0,False,False,0.7588812167099293,NO_ACTION,True
APP-42-010041,BUSINESS_LOAN,5,False,False,0.8569258025009069,FRIENDLY_APP_REMINDER,True
APP-42-010275,CASH_LOAN,0,False,False,0.8085962486206298,NO_ACTION,True
APP-42-010131,BNPL,30,False,False,0.7107290607817163,DIGITAL_PROMISE_TO_PAY,True
APP-42-009780,BUSINESS_LOAN,5,False,False,0.8756361358212024,FRIENDLY_APP_REMINDER,True
APP-42-011884,BNPL,15,False,False,0.6820818216058522,FRIENDLY_APP_REMINDER,True
APP-42-011519,CASH_LOAN,90,False,False,0.9592680142012469,INTENSIVE_RECOVERY_REVIEW,True
APP-42-011308,CASH_LOAN,0,False,False,0.962834343422091,NO_ACTION,True
APP-42-011506,BUSINESS_LOAN,0,False,False,0.9109022289119443,NO_ACTION,True
APP-42-011638,CASH_LOAN,60,False,False,0.9688677785814774,DIGITAL_PROMISE_TO_PAY,True
APP-42-011243,CASH_LOAN,0,False,False,0.7912737152137069,NO_ACTION,True
APP-42-011211,CASH_LOAN,5,False,False,0.8568623575886705,FRIENDLY_APP_REMINDER,True
APP-42-010609,CASH_LOAN,0,False,False,0.8769090456435265,NO_ACTION,True
APP-42-009999,CASH_LOAN,0,False,True,0.7347146974276639,SPECIALIST_HARDSHIP_REVIEW,True
APP-42-011621,CASH_LOAN,15,False,False,0.9319767201815218,FRIENDLY_APP_REMINDER,True
APP-42-010203,BNPL,0,False,False,0.8145632675228509,NO_ACTION,True
APP-42-009705,CASH_LOAN,5,False,False,0.700735075997522,FRIENDLY_APP_REMINDER,True
APP-42-010017,CASH_LOAN,0,False,False,0.6654361887415566,NO_ACTION,True
APP-42-009661,CASH_LOAN,60,False,False,0.9297831272867745,DIGITAL_PROMISE_TO_PAY,True
APP-42-009866,CASH_LOAN,15,False,False,0.7571330393939714,FRIENDLY_APP_REMINDER,True
APP-42-011978,CASH_LOAN,15,False,False,0.7911836554086649,FRIENDLY_APP_REMINDER,True
APP-42-010254,BNPL,30,False,False,0.6910542534553754,DIGITAL_PROMISE_TO_PAY,True
APP-42-010587,CASH_LOAN,0,False,False,0.5732473664588007,NO_ACTION,True
APP-42-010653,BUSINESS_LOAN,15,False,False,0.6705812575486335,FRIENDLY_APP_REMINDER,True
APP-42-011984,BNPL,0,False,False,0.856479563948543,NO_ACTION,True
APP-42-010442,CASH_LOAN,30,False,False,0.6559238427713947,DIGITAL_PROMISE_TO_PAY,True
APP-42-010909,BNPL,15,False,False,0.7039763831794366,FRIENDLY_APP_REMINDER,True
APP-42-010669,CASH_LOAN,0,False,False,0.836219570928894,NO_ACTION,True
APP-42-010269,CASH_LOAN,60,False,False,0.44862534384127506,DIGITAL_PROMISE_TO_PAY,True
APP-42-011580,BUSINESS_LOAN,0,False,False,0.6854821664089169,NO_ACTION,True
APP-42-009767,CASH_LOAN,0,False,False,0.9029615136728154,NO_ACTION,True
APP-42-010202,CASH_LOAN,5,False,False,0.9004683914539212,FRIENDLY_APP_REMINDER,True
APP-42-009828,CASH_LOAN,0,False,False,0.6395383178273284,NO_ACTION,True
APP-42-011699,BNPL,15,False,False,0.9464550670926599,FRIENDLY_APP_REMINDER,True
APP-42-011665,CASH_LOAN,90,False,False,0.6139629757700407,INTENSIVE_RECOVERY_REVIEW,True
APP-42-011040,CASH_LOAN,15,False,False,0.9438146832597544,FRIENDLY_APP_REMINDER,True
APP-42-011164,CASH_LOAN,90,False,False,0.8777994197245788,INTENSIVE_RECOVERY_REVIEW,True
APP-42-011776,CASH_LOAN,15,False,False,0.6739745638440704,FRIENDLY_APP_REMINDER,True
APP-42-011940,CASH_LOAN,30,False,False,0.8062777680555396,DIGITAL_PROMISE_TO_PAY,True
APP-42-011841,CASH_LOAN,0,False,False,0.6283999126407697,NO_ACTION,True
APP-42-011693,CASH_LOAN,30,False,False,0.7630439712925231,DIGITAL_PROMISE_TO_PAY,True
APP-42-011907,CASH_LOAN,30,False,False,0.9411358944614392,DIGITAL_PROMISE_TO_PAY,True
APP-42-011579,BNPL,0,False,False,0.5617124980387728,NO_ACTION,True
APP-42-009795,CASH_LOAN,15,False,False,0.4701076883270991,FRIENDLY_APP_REMINDER,True
APP-42-011617,CASH_LOAN,30,False,False,0.7600532975682601,DIGITAL_PROMISE_TO_PAY,True
APP-42-009603,CASH_LOAN,30,False,False,0.8522483939052172,DIGITAL_PROMISE_TO_PAY,True
APP-42-011313,BNPL,15,False,False,0.9489560272088202,FRIENDLY_APP_REMINDER,True
APP-42-010801,CASH_LOAN,5,False,False,0.5646150253710222,FRIENDLY_APP_REMINDER,True
APP-42-010414,CASH_LOAN,0,False,False,0.6880334519361975,NO_ACTION,True
APP-42-010664,CASH_LOAN,15,False,False,0.7063933986214906,FRIENDLY_APP_REMINDER,True
APP-42-011929,BUSINESS_LOAN,0,False,True,0.7035382113810359,SPECIALIST_HARDSHIP_REVIEW,True
APP-42-011083,CASH_LOAN,60,False,False,0.7872025556544159,DIGITAL_PROMISE_TO_PAY,True
APP-42-010015,BUSINESS_LOAN,0,False,False,0.9203025199837095,NO_ACTION,True
APP-42-009917,BNPL,0,False,False,0.6392805939503011,NO_ACTION,True
APP-42-010517,BUSINESS_LOAN,0,False,True,0.8145814073870093,SPECIALIST_HARDSHIP_REVIEW,True
APP-42-009634,BNPL,0,False,False,0.5852286150519609,NO_ACTION,True
APP-42-011353,CASH_LOAN,15,False,False,0.9220355794094555,FRIENDLY_APP_REMINDER,True
APP-42-011652,CASH_LOAN,15,False,False,0.7313750282880939,FRIENDLY_APP_REMINDER,True
APP-42-010359,BUSINESS_LOAN,0,False,False,0.8741205801274229,NO_ACTION,True
APP-42-010813,CASH_LOAN,60,False,False,0.9264062427884096,DIGITAL_PROMISE_TO_PAY,True
APP-42-009992,CASH_LOAN,5,False,False,0.9052604494231064,FRIENDLY_APP_REMINDER,True
APP-42-010969,CASH_LOAN,0,False,False,0.7952453045547307,NO_ACTION,True
APP-42-010406,CASH_LOAN,15,False,False,0.8367521743327928,FRIENDLY_APP_REMINDER,True
APP-42-011326,CASH_LOAN,15,False,False,0.7484821547771976,FRIENDLY_APP_REMINDER,True
APP-42-010189,BUSINESS_LOAN,5,False,False,0.7155788300407775,FRIENDLY_APP_REMINDER,True
APP-42-011596,BNPL,15,False,False,0.43001922078393523,FRIENDLY_APP_REMINDER,True
APP-42-011669,BUSINESS_LOAN,0,False,False,0.6159906330716195,NO_ACTION,True
APP-42-010042,CASH_LOAN,15,False,True,0.6414315114043712,SPECIALIST_HARDSHIP_REVIEW,True
APP-42-011690,CASH_LOAN,30,False,False,0.6138933056770464,DIGITAL_PROMISE_TO_PAY,True
APP-42-011427,CASH_LOAN,30,False,False,0.7062515684016955,DIGITAL_PROMISE_TO_PAY,True
APP-42-011701,CASH_LOAN,15,False,False,0.7461137496920652,FRIENDLY_APP_REMINDER,True
APP-42-011708,BUSINESS_LOAN,30,False,False,0.814771872341292,DIGITAL_PROMISE_TO_PAY,True
APP-42-011804,BUSINESS_LOAN,0,False,False,0.6478839639736867,NO_ACTION,True
APP-42-011903,CASH_LOAN,90,False,False,0.8646044001933276,INTENSIVE_RECOVERY_REVIEW,True
APP-42-010919,CASH_LOAN,0,False,False,0.7702322606136935,NO_ACTION,True
APP-42-011510,BNPL,60,False,False,0.9067797667007637,DIGITAL_PROMISE_TO_PAY,True
APP-42-011192,BNPL,0,False,False,0.8791904242667097,NO_ACTION,True
APP-42-010826,CASH_LOAN,90,False,False,0.8669116625740723,INTENSIVE_RECOVERY_REVIEW,True
APP-42-011359,BNPL,0,False,False,0.8535753299446301,NO_ACTION,True
APP-42-011215,CASH_LOAN,0,False,False,0.7017329833621199,NO_ACTION,True
