product,income_segment,customers,approval_rate,observed_bad_rate,mean_dti,high_debt_burden_rate,repeat_borrower_rate,complaint_proxy_rate,hardship_proxy_rate,affordability_pass_rate
BNPL,Lower,254,0.5669291338582677,0.2047244094488189,0.31644055118110237,0.06299212598425197,0.6141732283464567,0.07874015748031496,0.003937007874015748,0.968503937007874
BNPL,Middle,226,0.6017699115044248,0.14601769911504425,0.32194203539823,0.048672566371681415,0.584070796460177,0.09292035398230089,0.0,0.9690265486725663
BNPL,Higher,227,0.7797356828193832,0.08370044052863436,0.3386246696035242,0.07929515418502203,0.5154185022026432,0.08370044052863436,0.004405286343612335,0.9515418502202643
BUSINESS_LOAN,Lower,120,0.7916666666666666,0.14166666666666666,0.3008966666666667,0.03333333333333333,0.5666666666666667,0.09166666666666666,0.0,0.975
BUSINESS_LOAN,Middle,132,0.7575757575757576,0.1590909090909091,0.34927121212121215,0.09090909090909091,0.5757575757575758,0.08333333333333333,0.0,0.9393939393939394
BUSINESS_LOAN,Higher,112,0.9375,0.09821428571428571,0.3130625,0.08928571428571429,0.625,0.09821428571428571,0.008928571428571428,0.9553571428571429
CASH_LOAN,Lower,426,0.6173708920187794,0.17370892018779344,0.3269345070422535,0.10093896713615023,0.5633802816901409,0.07042253521126761,0.0,0.9530516431924883
CASH_LOAN,Middle,442,0.748868778280543,0.11538461538461539,0.32588529411764705,0.06787330316742081,0.49547511312217196,0.11085972850678733,0.0022624434389140274,0.9524886877828054
CASH_LOAN,Higher,461,0.8546637744034707,0.08676789587852494,0.3170739696312364,0.07158351409978309,0.5531453362255966,0.0911062906724512,0.0,0.96529284164859
