approve_pd_max,review_pd_max,approval_rate,review_rate,observed_bad_rate,mean_pd,total_ead,expected_loss,expected_profit,portfolio_raroc
0.06,0.14,0.16416666666666666,0.46,0.048223350253807105,0.044902810022063054,17048881233.0,507369630.59048384,1997746798.037016,1.1717758900039466
0.06,0.16,0.16416666666666666,0.5379166666666667,0.048223350253807105,0.044902810022063054,17048881233.0,507369630.59048384,1997746798.037016,1.1717758900039466
0.06,0.18,0.16416666666666666,0.60625,0.048223350253807105,0.044902810022063054,17048881233.0,507369630.59048384,1997746798.037016,1.1717758900039466
0.06,0.2,0.16416666666666666,0.6666666666666666,0.048223350253807105,0.044902810022063054,17048881233.0,507369630.59048384,1997746798.037016,1.1717758900039466
0.06,0.22,0.16416666666666666,0.70375,0.048223350253807105,0.044902810022063054,17048881233.0,507369630.59048384,1997746798.037016,1.1717758900039466
0.07,0.14,0.22208333333333333,0.40208333333333335,0.054409005628517824,0.05013180445476193,24635872175.0,826963880.7258098,2966298842.1416903,1.2040567596189398
0.07,0.16,0.22208333333333333,0.48,0.054409005628517824,0.05013180445476193,24635872175.0,826963880.7258098,2966298842.1416903,1.2040567596189398
0.07,0.18,0.22208333333333333,0.5483333333333333,0.054409005628517824,0.05013180445476193,24635872175.0,826963880.7258098,2966298842.1416903,1.2040567596189398
0.07,0.2,0.22208333333333333,0.60875,0.054409005628517824,0.05013180445476193,24635872175.0,826963880.7258098,2966298842.1416903,1.2040567596189398
0.07,0.22,0.22208333333333333,0.6458333333333334,0.054409005628517824,0.05013180445476193,24635872175.0,826963880.7258098,2966298842.1416903,1.2040567596189398
0.08,0.14,0.29125,0.3329166666666667,0.058655221745350504,0.055997829212164035,32560172066.0,1212401610.9396596,3967820638.16784,1.2186116922616386
0.08,0.16,0.29125,0.41083333333333333,0.058655221745350504,0.055997829212164035,32560172066.0,1212401610.9396596,3967820638.16784,1.2186116922616386
0.08,0.18,0.29125,0.4791666666666667,0.058655221745350504,0.055997829212164035,32560172066.0,1212401610.9396596,3967820638.16784,1.2186116922616386
0.08,0.2,0.29125,0.5395833333333333,0.058655221745350504,0.055997829212164035,32560172066.0,1212401610.9396596,3967820638.16784,1.2186116922616386
0.08,0.22,0.29125,0.5766666666666667,0.058655221745350504,0.055997829212164035,32560172066.0,1212401610.9396596,3967820638.16784,1.2186116922616386
0.09,0.14,0.3541666666666667,0.27,0.06588235294117648,0.0612318269708522,40409587043.0,1648549890.299512,4810977144.170487,1.1905534048272028
0.09,0.16,0.3541666666666667,0.34791666666666665,0.06588235294117648,0.0612318269708522,40409587043.0,1648549890.299512,4810977144.170487,1.1905534048272028
0.09,0.18,0.3541666666666667,0.41625,0.06588235294117648,0.0612318269708522,40409587043.0,1648549890.299512,4810977144.170487,1.1905534048272028
0.09,0.2,0.3541666666666667,0.4766666666666667,0.06588235294117648,0.0612318269708522,40409587043.0,1648549890.299512,4810977144.170487,1.1905534048272028
0.09,0.22,0.3541666666666667,0.51375,0.06588235294117648,0.0612318269708522,40409587043.0,1648549890.299512,4810977144.170487,1.1905534048272028
0.1,0.14,0.41583333333333333,0.20833333333333334,0.06513026052104208,0.0662135247930042,48517078527.0,2148655140.9163294,5577051858.33867,1.1495028199678208
0.1,0.16,0.41583333333333333,0.28625,0.06513026052104208,0.0662135247930042,48517078527.0,2148655140.9163294,5577051858.33867,1.1495028199678208
0.1,0.18,0.41583333333333333,0.3545833333333333,0.06513026052104208,0.0662135247930042,48517078527.0,2148655140.9163294,5577051858.33867,1.1495028199678208
0.1,0.2,0.41583333333333333,0.415,0.06513026052104208,0.0662135247930042,48517078527.0,2148655140.9163294,5577051858.33867,1.1495028199678208
0.1,0.22,0.41583333333333333,0.45208333333333334,0.06513026052104208,0.0662135247930042,48517078527.0,2148655140.9163294,5577051858.33867,1.1495028199678208
0.11,0.15,0.47708333333333336,0.18333333333333332,0.06986899563318777,0.07122194614688748,56729125893.0,2711431408.9235888,6890405065.31891,1.2146150600513905
0.11,0.17,0.47708333333333336,0.26125,0.06986899563318777,0.07122194614688748,56729125893.0,2711431408.9235888,6890405065.31891,1.2146150600513905
0.11,0.19,0.47708333333333336,0.3275,0.06986899563318777,0.07122194614688748,56729125893.0,2711431408.9235888,6890405065.31891,1.2146150600513905
0.11,0.21,0.47708333333333336,0.37375,0.06986899563318777,0.07122194614688748,56729125893.0,2711431408.9235888,6890405065.31891,1.2146150600513905
0.11,0.23,0.47708333333333336,0.4058333333333333,0.06986899563318777,0.07122194614688748,56729125893.0,2711431408.9235888,6890405065.31891,1.2146150600513905
0.12,0.16,0.5304166666666666,0.17166666666666666,0.07069913589945012,0.0755940433456215,63784309181.0,3237189369.277129,7976415444.42787,1.250529408697253
0.12,0.18,0.5304166666666666,0.24,0.07069913589945012,0.0755940433456215,63784309181.0,3237189369.277129,7976415444.42787,1.250529408697253
0.12,0.2,0.5304166666666666,0.30041666666666667,0.07069913589945012,0.0755940433456215,63784309181.0,3237189369.277129,7976415444.42787,1.250529408697253
0.12,0.22,0.5304166666666666,0.3375,0.07069913589945012,0.0755940433456215,63784309181.0,3237189369.277129,7976415444.42787,1.250529408697253
0.13,0.17,0.5745833333333333,0.16375,0.0775924583031182,0.07938221927500227,69558061105.0,3706115189.0227466,8782580131.857252,1.2626257823086358
0.13,0.19,0.5745833333333333,0.23,0.0775924583031182,0.07938221927500227,69558061105.0,3706115189.0227466,8782580131.857252,1.2626257823086358
0.13,0.21,0.5745833333333333,0.27625,0.0775924583031182,0.07938221927500227,69558061105.0,3706115189.0227466,8782580131.857252,1.2626257823086358
0.13,0.23,0.5745833333333333,0.30833333333333335,0.0775924583031182,0.07938221927500227,69558061105.0,3706115189.0227466,8782580131.857252,1.2626257823086358
