month,applications,label_maturity_rate,mean_pd,observed_bad_rate,auc_when_mature,ks_when_mature,calibration_gap_when_mature,score_psi,status,action
2024-01,744,1.0,0.13406692310043541,0.13844086021505375,0.7109795071414508,0.338685003710828,-0.004373937114618337,0.010011912769006365,GREEN,Continue routine monitoring
2024-02,696,1.0,0.1331075065131946,0.13505747126436782,0.7132254188167102,0.40351311232063336,-0.0019499647511732054,0.009232733743495527,GREEN,Continue routine monitoring
2024-03,744,1.0,0.12839376777437306,0.135752688172043,0.7020849052245816,0.36439647075127424,-0.0073589203976699435,0.003458173206675865,GREEN,Continue routine monitoring
2024-04,720,1.0,0.12598774199978655,0.09861111111111111,0.7115931335315437,0.35601901082922804,0.027376630888675438,0.013546789427277526,GREEN,Continue routine monitoring
2024-05,744,0.4206989247311828,0.13332478933373712,0.12460063897763578,0.7271195957327344,0.45882463035747706,0.010340571129062795,0.013199966302887845,PENDING,Use leading indicators until labels mature
2024-06,720,0.0,0.12823923709398766,,,,,0.016256172403043473,PENDING,Use leading indicators until labels mature
2024-07,744,0.0,0.12598607691069566,,,,,0.022414687980229796,PENDING,Use leading indicators until labels mature
2024-08,744,0.0,0.12936632557917926,,,,,0.010842322310736277,PENDING,Use leading indicators until labels mature
2024-09,720,0.0,0.1331357320072498,,,,,0.011842136892479588,PENDING,Use leading indicators until labels mature
2024-10,744,0.0,0.130335942588563,,,,,0.028669970571005315,PENDING,Use leading indicators until labels mature
2024-11,720,0.0,0.12500658952601096,,,,,0.02323547434984566,PENDING,Use leading indicators until labels mature
2024-12,744,0.0,0.1314139250160869,,,,,0.01402971852848108,PENDING,Use leading indicators until labels mature
2025-01,744,0.0,0.13140611937096483,,,,,0.006858028067876926,PENDING,Use leading indicators until labels mature
2025-02,672,0.0,0.13714714338731035,,,,,0.02025786022568559,PENDING,Use leading indicators until labels mature
2025-03,744,0.0,0.13315170134867732,,,,,0.006821404040291932,PENDING,Use leading indicators until labels mature
2025-04,720,0.0,0.13230087775674315,,,,,0.030528901185534522,PENDING,Use leading indicators until labels mature
2025-05,336,0.0,0.1324936335930023,,,,,0.02075250404092226,PENDING,Use leading indicators until labels mature
