device_cluster,linked_applications,products,mean_fraud_score,requested_amount_vnd,risk_level,action
3,6,3,0.047589018719213,461758428.0,HIGH,BLOCK_AND_INVESTIGATE
12,5,2,0.052034892407629464,310203820.0,HIGH,BLOCK_AND_INVESTIGATE
17,5,3,0.04822284311341632,227760053.0,HIGH,BLOCK_AND_INVESTIGATE
10,4,2,0.08150364310947537,431419685.0,MEDIUM,STEP_UP_VERIFICATION
15,4,1,0.0510565577243,281466888.0,MEDIUM,STEP_UP_VERIFICATION
6,4,3,0.0303394859914308,192291192.0,MEDIUM,STEP_UP_VERIFICATION
7,3,1,0.09696094332127465,75248884.0,MEDIUM,STEP_UP_VERIFICATION
4,3,1,0.0575490015559191,205987004.0,MEDIUM,STEP_UP_VERIFICATION
14,3,2,0.026981743574310865,137306156.0,MEDIUM,STEP_UP_VERIFICATION
1,2,2,0.112623690196124,136390998.0,MEDIUM,STEP_UP_VERIFICATION
5,2,2,0.11028166276396126,65462229.0,MEDIUM,STEP_UP_VERIFICATION
9,2,1,0.0544112169957128,88958428.0,MEDIUM,STEP_UP_VERIFICATION
13,2,1,0.0314623637187281,201879985.0,MEDIUM,STEP_UP_VERIFICATION
