application_id,application_date,age,monthly_income,employment_months,bureau_score,existing_dti,requested_amount,tenor_months,inquiries_6m,employment_type,home_ownership,channel,default_12m,pd_12m,score,decision,month,fpd30,mob3_30plus,override_flag,override_direction,override_reason,final_decision,authority
APP-42-009600,2025-02-04 00:00:00,35,27247186.0,12,612,0.1555,69007538.0,24,0,Contract,Mortgage,Mobile,0,0.10038982095235369,542,REVIEW,2025-02,0,0,False,NO_OVERRIDE,,REVIEW,Senior Credit Officer
APP-42-009602,2025-02-04 02:00:00,43,19802889.0,32,557,0.4805,89956995.0,12,1,Contract,Family,Mobile,0,0.24252527426235512,466,DECLINE,2025-02,0,0,False,NO_OVERRIDE,,DECLINE,Senior Credit Officer
APP-42-009605,2025-02-04 05:00:00,42,26232941.0,16,611,0.7969,35317020.0,12,0,Salaried,Rented,Mobile,0,0.18324700234492636,492,DECLINE,2025-02,0,0,False,NO_OVERRIDE,,DECLINE,Senior Credit Officer
APP-42-009607,2025-02-04 07:00:00,44,32219434.0,70,660,0.5248,27013262.0,18,1,Salaried,Rented,Mobile,0,0.09216132158454067,549,REVIEW,2025-02,0,0,False,NO_OVERRIDE,,REVIEW,Senior Credit Officer
APP-42-009608,2025-02-04 08:00:00,49,25215156.0,50,556,0.2497,67589641.0,6,1,Salaried,Rented,Branch,0,0.1788632513443947,494,REVIEW,2025-02,0,0,False,NO_OVERRIDE,,REVIEW,Senior Credit Officer
APP-42-009611,2025-02-04 11:00:00,41,14413546.0,37,596,0.0474,44261804.0,24,1,Contract,Owned,Branch,0,0.09009706570637141,551,REVIEW,2025-02,0,0,False,NO_OVERRIDE,,REVIEW,Senior Credit Officer
APP-42-009615,2025-02-04 15:00:00,53,37761184.0,28,616,0.3214,69106507.0,18,1,Self-employed,Owned,Mobile,0,0.08137674000149078,559,REVIEW,2025-02,0,0,False,NO_OVERRIDE,,REVIEW,Senior Credit Officer
APP-42-009618,2025-02-04 18:00:00,23,18383800.0,29,641,0.1587,57228881.0,24,3,Self-employed,Owned,Mobile,0,0.11745373912815811,529,REVIEW,2025-02,0,0,False,NO_OVERRIDE,,REVIEW,Senior Credit Officer
APP-42-009619,2025-02-04 19:00:00,38,18629421.0,79,688,0.7019,66211392.0,24,2,Salaried,Owned,Partner,0,0.14466334645976006,512,REVIEW,2025-02,0,0,False,NO_OVERRIDE,,REVIEW,Senior Credit Officer
APP-42-009620,2025-02-04 20:00:00,30,11712532.0,27,518,0.4239,70723854.0,18,2,Self-employed,Rented,Mobile,0,0.3781114480472775,420,DECLINE,2025-02,0,0,False,NO_OVERRIDE,,DECLINE,Senior Credit Officer
APP-42-009623,2025-02-04 23:00:00,39,29396238.0,41,621,0.6148,92095346.0,12,1,Salaried,Rented,Partner,1,0.21126205857362257,479,DECLINE,2025-02,1,1,False,NO_OVERRIDE,,DECLINE,Senior Credit Officer
APP-42-009624,2025-02-05 00:00:00,34,37760341.0,39,468,0.2131,68295789.0,12,2,Contract,Rented,Mobile,0,0.17862754601078526,494,REVIEW,2025-02,0,0,True,REVIEW_TO_DECLINE,Affordability concern,DECLINE,Senior Credit Officer
APP-42-009625,2025-02-05 01:00:00,43,12124333.0,69,520,0.2572,15548820.0,24,1,Salaried,Owned,Mobile,0,0.10443811878476364,539,REVIEW,2025-02,0,0,True,REVIEW_TO_DECLINE,Policy exception,DECLINE,Senior Credit Officer
APP-42-009627,2025-02-05 03:00:00,37,11813767.0,38,665,0.3174,84048150.0,18,0,Self-employed,Rented,Branch,0,0.12081681302112622,527,REVIEW,2025-02,0,0,False,NO_OVERRIDE,,REVIEW,Senior Credit Officer
APP-42-009628,2025-02-05 04:00:00,46,20533512.0,64,669,0.2271,166766330.0,36,3,Contract,Owned,Mobile,0,0.1532045148659945,507,REVIEW,2025-02,0,0,False,NO_OVERRIDE,,REVIEW,Senior Credit Officer
APP-42-009629,2025-02-05 05:00:00,52,21575745.0,54,639,0.6067,62948922.0,24,1,Salaried,Owned,Branch,0,0.1153606933054596,531,REVIEW,2025-02,0,0,False,NO_OVERRIDE,,REVIEW,Senior Credit Officer
APP-42-009630,2025-02-05 06:00:00,42,30516962.0,72,554,0.5921,23883680.0,18,1,Salaried,Rented,Mobile,1,0.1562722138760037,506,REVIEW,2025-02,0,1,False,NO_OVERRIDE,,REVIEW,Senior Credit Officer
APP-42-009632,2025-02-05 08:00:00,37,26293170.0,27,488,0.0989,57945187.0,36,1,Salaried,Mortgage,Mobile,0,0.09562808000859169,546,REVIEW,2025-02,0,0,False,NO_OVERRIDE,,REVIEW,Senior Credit Officer
APP-42-009633,2025-02-05 09:00:00,35,11215293.0,97,649,0.2041,49259097.0,24,1,Contract,Owned,Mobile,0,0.08138277630376213,559,REVIEW,2025-02,0,0,False,NO_OVERRIDE,,REVIEW,Senior Credit Officer
APP-42-009634,2025-02-05 10:00:00,40,8556376.0,14,777,0.4959,69635545.0,6,1,Salaried,Rented,Branch,0,0.12963259783275183,521,REVIEW,2025-02,0,0,False,NO_OVERRIDE,,REVIEW,Senior Credit Officer
APP-42-009635,2025-02-05 11:00:00,35,23959928.0,41,633,0.5406,26674017.0,36,1,Salaried,Rented,Partner,0,0.1830091114656155,492,DECLINE,2025-02,0,0,True,DECLINE_TO_APPROVE,Fraud concern,APPROVE,Senior Credit Officer
APP-42-009636,2025-02-05 12:00:00,28,41085628.0,64,585,0.0726,63767998.0,18,3,Contract,Mortgage,Mobile,0,0.09775386184752621,544,REVIEW,2025-02,0,0,False,NO_OVERRIDE,,REVIEW,Senior Credit Officer
APP-42-009637,2025-02-05 13:00:00,30,17756226.0,47,642,0.3255,51853073.0,12,2,Salaried,Owned,Mobile,0,0.10419912164089312,539,REVIEW,2025-02,0,0,True,REVIEW_TO_DECLINE,Verified additional income,DECLINE,Senior Credit Officer
APP-42-009638,2025-02-05 14:00:00,25,7770273.0,45,630,0.148,29849994.0,24,0,Self-employed,Rented,Mobile,0,0.1367091689029152,517,REVIEW,2025-02,0,0,False,NO_OVERRIDE,,REVIEW,Senior Credit Officer
APP-42-009639,2025-02-05 15:00:00,40,56655413.0,40,515,0.1741,154375047.0,36,3,Salaried,Rented,Mobile,0,0.22822611123448958,472,DECLINE,2025-02,0,0,False,NO_OVERRIDE,,DECLINE,Senior Credit Officer
APP-42-009640,2025-02-05 16:00:00,35,23559856.0,37,658,0.2091,96219784.0,12,2,Salaried,Family,Partner,0,0.10750107054216475,537,REVIEW,2025-02,0,0,True,REVIEW_TO_DECLINE,Policy exception,DECLINE,Senior Credit Officer
APP-42-009641,2025-02-05 17:00:00,32,19776603.0,91,632,0.2332,50506850.0,9,0,Self-employed,Mortgage,Partner,0,0.10810845678706166,536,REVIEW,2025-02,0,0,True,REVIEW_TO_DECLINE,Verified additional income,DECLINE,Senior Credit Officer
APP-42-009642,2025-02-05 18:00:00,30,9468662.0,45,628,0.1128,22893197.0,9,0,Salaried,Rented,Partner,1,0.10225287080670391,541,REVIEW,2025-02,1,1,False,NO_OVERRIDE,,REVIEW,Senior Credit Officer
APP-42-009644,2025-02-05 20:00:00,42,26262920.0,31,633,0.1028,35269373.0,36,1,Salaried,Rented,Partner,0,0.08348881485803542,557,REVIEW,2025-02,0,0,False,NO_OVERRIDE,,REVIEW,Senior Credit Officer
APP-42-009646,2025-02-05 22:00:00,23,12384353.0,20,580,0.2569,71668831.0,12,1,Salaried,Rented,Partner,1,0.20693488062008156,481,DECLINE,2025-02,0,1,False,NO_OVERRIDE,,DECLINE,Senior Credit Officer
APP-42-009647,2025-02-05 23:00:00,44,17443827.0,122,531,0.3384,28189622.0,18,1,Salaried,Owned,Mobile,0,0.12710193755417362,523,REVIEW,2025-02,0,0,False,NO_OVERRIDE,,REVIEW,Senior Credit Officer
APP-42-009648,2025-02-06 00:00:00,23,12827202.0,28,582,0.4013,53910225.0,6,1,Salaried,Rented,Branch,0,0.16257525238133616,502,REVIEW,2025-02,0,0,False,NO_OVERRIDE,,REVIEW,Senior Credit Officer
APP-42-009650,2025-02-06 02:00:00,50,29445834.0,60,585,0.5343,19759032.0,12,0,Self-employed,Owned,Branch,0,0.1079696515980786,536,REVIEW,2025-02,0,0,False,NO_OVERRIDE,,REVIEW,Senior Credit Officer
APP-42-009651,2025-02-06 03:00:00,50,13490525.0,82,537,0.3326,68536584.0,12,0,Salaried,Rented,Mobile,0,0.2306388147253375,471,DECLINE,2025-02,0,0,False,NO_OVERRIDE,,DECLINE,Senior Credit Officer
APP-42-009652,2025-02-06 04:00:00,42,9466066.0,39,664,0.1347,162868337.0,12,0,Self-employed,Mortgage,Mobile,0,0.1465935231714077,511,REVIEW,2025-02,0,0,False,NO_OVERRIDE,,REVIEW,Senior Credit Officer
APP-42-009653,2025-02-06 05:00:00,41,20971619.0,35,612,0.4108,27099936.0,24,1,Self-employed,Rented,Mobile,0,0.13729845330971474,516,REVIEW,2025-02,0,0,False,NO_OVERRIDE,,REVIEW,Senior Credit Officer
APP-42-009655,2025-02-06 07:00:00,20,14300623.0,32,592,0.3344,318117740.0,18,0,Salaried,Rented,Partner,1,0.24826683742141487,464,DECLINE,2025-02,0,0,False,NO_OVERRIDE,,DECLINE,Senior Credit Officer
APP-42-009656,2025-02-06 08:00:00,31,9640799.0,42,574,0.6537,12139257.0,6,2,Contract,Rented,Partner,0,0.3531634507807044,428,DECLINE,2025-02,0,0,False,NO_OVERRIDE,,DECLINE,Senior Credit Officer
APP-42-009658,2025-02-06 10:00:00,32,19684674.0,27,580,0.397,119213408.0,24,1,Self-employed,Rented,Branch,0,0.25021829894572223,463,DECLINE,2025-02,0,0,True,DECLINE_TO_APPROVE,Affordability concern,APPROVE,Senior Credit Officer
APP-42-009659,2025-02-06 11:00:00,46,15542662.0,10,580,0.0671,131872508.0,18,3,Self-employed,Mortgage,Partner,0,0.34128763407200263,431,DECLINE,2025-02,0,0,False,NO_OVERRIDE,,DECLINE,Senior Credit Officer
APP-42-009661,2025-02-06 13:00:00,36,24958418.0,20,439,0.2583,145859344.0,18,4,Self-employed,Family,Partner,1,0.39786002388878233,414,DECLINE,2025-02,0,1,False,NO_OVERRIDE,,DECLINE,Senior Credit Officer
APP-42-009662,2025-02-06 14:00:00,33,9553804.0,66,693,0.064,47301642.0,12,4,Salaried,Rented,Mobile,0,0.1351855725116826,518,REVIEW,2025-02,0,0,True,REVIEW_TO_DECLINE,Verified additional income,DECLINE,Senior Credit Officer
APP-42-009665,2025-02-06 17:00:00,37,14470251.0,42,565,0.3996,71593072.0,18,3,Salaried,Rented,Mobile,0,0.32328881766084533,437,DECLINE,2025-02,0,0,True,DECLINE_TO_APPROVE,Affordability concern,APPROVE,Senior Credit Officer
APP-42-009666,2025-02-06 18:00:00,28,37437878.0,20,588,0.848,73880799.0,24,0,Salaried,Owned,Mobile,0,0.1510960630736032,508,REVIEW,2025-02,0,0,False,NO_OVERRIDE,,REVIEW,Senior Credit Officer
APP-42-009667,2025-02-06 19:00:00,44,21018371.0,81,645,0.6674,29519090.0,18,2,Self-employed,Mortgage,Partner,0,0.22136407245381712,475,DECLINE,2025-02,0,0,True,DECLINE_TO_APPROVE,Policy exception,APPROVE,Senior Credit Officer
APP-42-009668,2025-02-06 20:00:00,41,6049560.0,28,666,0.5129,58260206.0,36,2,Salaried,Rented,Partner,0,0.1770474129790436,495,REVIEW,2025-02,0,0,False,NO_OVERRIDE,,REVIEW,Senior Credit Officer
APP-42-009670,2025-02-06 22:00:00,25,12415760.0,58,753,0.2638,49479102.0,12,2,Self-employed,Rented,Mobile,0,0.08822579993123597,552,REVIEW,2025-02,0,0,False,NO_OVERRIDE,,REVIEW,Senior Credit Officer
APP-42-009671,2025-02-06 23:00:00,20,22953997.0,31,625,0.1566,80835524.0,24,1,Salaried,Rented,Mobile,0,0.11732343998990816,529,REVIEW,2025-02,0,0,False,NO_OVERRIDE,,REVIEW,Senior Credit Officer
APP-42-009672,2025-02-07 00:00:00,35,10088114.0,61,602,0.0964,77963558.0,36,1,Contract,Family,Mobile,0,0.10949201188631127,535,REVIEW,2025-02,0,0,False,NO_OVERRIDE,,REVIEW,Senior Credit Officer
APP-42-009673,2025-02-07 01:00:00,61,19578293.0,74,584,0.1452,196038314.0,12,2,Salaried,Family,Branch,0,0.16184310267733362,503,REVIEW,2025-02,0,0,False,NO_OVERRIDE,,REVIEW,Senior Credit Officer
APP-42-009675,2025-02-07 03:00:00,30,18061340.0,32,718,0.4556,109170608.0,24,0,Salaried,Family,Mobile,0,0.11021946322203335,535,REVIEW,2025-02,0,0,False,NO_OVERRIDE,,REVIEW,Senior Credit Officer
APP-42-009676,2025-02-07 04:00:00,39,22062648.0,82,645,0.5089,204355568.0,36,1,Contract,Owned,Mobile,0,0.1826203076492101,492,DECLINE,2025-02,0,0,True,DECLINE_TO_APPROVE,Verified additional income,APPROVE,Senior Credit Officer
APP-42-009677,2025-02-07 05:00:00,42,40213487.0,27,640,0.2051,246778436.0,12,0,Salaried,Rented,Mobile,0,0.08896028876105502,552,REVIEW,2025-02,0,0,False,NO_OVERRIDE,,REVIEW,Senior Credit Officer
APP-42-009680,2025-02-07 08:00:00,33,40916138.0,49,492,0.5767,28901033.0,12,1,Salaried,Family,Mobile,0,0.12661892944341094,523,REVIEW,2025-02,0,0,True,REVIEW_TO_DECLINE,Fraud concern,DECLINE,Senior Credit Officer
APP-42-009681,2025-02-07 09:00:00,34,16274897.0,73,638,0.4008,31328876.0,18,2,Self-employed,Family,Branch,0,0.13254937828616,519,REVIEW,2025-02,0,0,True,REVIEW_TO_DECLINE,Policy exception,DECLINE,Senior Credit Officer
APP-42-009682,2025-02-07 10:00:00,35,27545343.0,55,655,0.3961,60083035.0,6,2,Self-employed,Owned,Mobile,0,0.1025313874496718,540,REVIEW,2025-02,0,0,False,NO_OVERRIDE,,REVIEW,Senior Credit Officer
APP-42-009683,2025-02-07 11:00:00,45,12849168.0,59,621,0.4609,191269955.0,24,2,Salaried,Owned,Mobile,0,0.32328656381481247,437,DECLINE,2025-02,0,0,False,NO_OVERRIDE,,DECLINE,Senior Credit Officer
APP-42-009685,2025-02-07 13:00:00,20,11584574.0,53,616,0.5003,33599615.0,12,1,Salaried,Mortgage,Branch,0,0.14553987659128165,512,REVIEW,2025-02,0,0,False,NO_OVERRIDE,,REVIEW,Senior Credit Officer
APP-42-009686,2025-02-07 14:00:00,38,21490581.0,78,569,0.0946,122360491.0,36,2,Salaried,Owned,Mobile,0,0.1666772575711089,500,REVIEW,2025-02,0,0,False,NO_OVERRIDE,,REVIEW,Senior Credit Officer
APP-42-009687,2025-02-07 15:00:00,20,28007637.0,95,589,0.1582,40263766.0,12,3,Contract,Rented,Partner,0,0.16493089486248938,501,REVIEW,2025-02,0,0,False,NO_OVERRIDE,,REVIEW,Senior Credit Officer
APP-42-009688,2025-02-07 16:00:00,32,13711462.0,62,689,0.1526,106735725.0,12,4,Salaried,Owned,Branch,0,0.14272680255001977,513,REVIEW,2025-02,0,0,False,NO_OVERRIDE,,REVIEW,Senior Credit Officer
APP-42-009689,2025-02-07 17:00:00,46,13294061.0,74,542,0.1187,43490404.0,12,0,Contract,Owned,Mobile,1,0.13967775772963176,515,REVIEW,2025-02,1,1,False,NO_OVERRIDE,,REVIEW,Senior Credit Officer
APP-42-009690,2025-02-07 18:00:00,40,21902960.0,49,605,0.0439,99552354.0,12,4,Contract,Mortgage,Mobile,0,0.20848462065166182,480,DECLINE,2025-02,0,0,False,NO_OVERRIDE,,DECLINE,Senior Credit Officer
APP-42-009691,2025-02-07 19:00:00,44,11434247.0,96,701,0.4737,65578902.0,12,0,Salaried,Owned,Mobile,0,0.09453233187368831,547,REVIEW,2025-02,0,0,False,NO_OVERRIDE,,REVIEW,Senior Credit Officer
APP-42-009692,2025-02-07 20:00:00,41,7810764.0,57,542,0.2902,45469615.0,24,1,Salaried,Family,Partner,1,0.14989700150474203,509,REVIEW,2025-02,0,1,False,NO_OVERRIDE,,REVIEW,Senior Credit Officer
APP-42-009693,2025-02-07 21:00:00,57,21859373.0,71,565,0.186,21765372.0,18,2,Self-employed,Rented,Branch,0,0.10476180201624669,539,REVIEW,2025-02,0,0,False,NO_OVERRIDE,,REVIEW,Senior Credit Officer
APP-42-009694,2025-02-07 22:00:00,30,16964761.0,20,518,0.0899,56823493.0,12,0,Contract,Owned,Mobile,0,0.1395696463050751,515,REVIEW,2025-02,0,0,False,NO_OVERRIDE,,REVIEW,Senior Credit Officer
APP-42-009695,2025-02-07 23:00:00,39,16768449.0,67,576,0.4758,23994638.0,18,0,Salaried,Family,Mobile,0,0.10330084450802288,540,REVIEW,2025-02,0,0,False,NO_OVERRIDE,,REVIEW,Senior Credit Officer
APP-42-009696,2025-02-08 00:00:00,31,23973774.0,51,602,0.383,70039742.0,36,0,Salaried,Mortgage,Mobile,0,0.1210249218736332,527,REVIEW,2025-02,0,0,True,REVIEW_TO_DECLINE,Fraud concern,DECLINE,Senior Credit Officer
APP-42-009697,2025-02-08 01:00:00,44,25888127.0,66,623,0.3475,101427666.0,12,0,Salaried,Owned,Partner,0,0.11488237254172771,531,REVIEW,2025-02,0,0,False,NO_OVERRIDE,,REVIEW,Senior Credit Officer
APP-42-009698,2025-02-08 02:00:00,34,16474615.0,70,574,0.1071,79682116.0,12,3,Salaried,Rented,Mobile,0,0.22114138940561667,475,DECLINE,2025-02,0,0,False,NO_OVERRIDE,,DECLINE,Senior Credit Officer
APP-42-009699,2025-02-08 03:00:00,50,9707547.0,74,612,0.2708,53439594.0,6,0,Self-employed,Owned,Mobile,0,0.12158972018544774,527,REVIEW,2025-02,0,0,False,NO_OVERRIDE,,REVIEW,Senior Credit Officer
APP-42-009700,2025-02-08 04:00:00,30,12668885.0,68,711,0.1969,53047679.0,12,3,Salaried,Rented,Partner,1,0.13220849303522314,520,REVIEW,2025-02,0,0,False,NO_OVERRIDE,,REVIEW,Senior Credit Officer
APP-42-009701,2025-02-08 05:00:00,48,24831225.0,43,664,0.4021,88103466.0,24,1,Self-employed,Rented,Branch,0,0.10766352691911286,536,REVIEW,2025-02,0,0,False,NO_OVERRIDE,,REVIEW,Senior Credit Officer
APP-42-009703,2025-02-08 07:00:00,35,13303193.0,86,592,0.23,62201241.0,12,2,Self-employed,Owned,Mobile,0,0.13456286790775351,518,REVIEW,2025-02,0,0,False,NO_OVERRIDE,,REVIEW,Senior Credit Officer
APP-42-009704,2025-02-08 08:00:00,40,11692635.0,46,608,0.359,22373385.0,12,1,Salaried,Rented,Mobile,1,0.11130621209334106,534,REVIEW,2025-02,0,0,False,NO_OVERRIDE,,REVIEW,Senior Credit Officer
APP-42-009706,2025-02-08 10:00:00,38,15934123.0,5,603,0.6981,64785490.0,24,2,Salaried,Rented,Branch,0,0.25460777979053867,461,DECLINE,2025-02,0,0,False,NO_OVERRIDE,,DECLINE,Senior Credit Officer
APP-42-009707,2025-02-08 11:00:00,33,27231271.0,25,638,0.6198,23025129.0,12,3,Salaried,Family,Branch,0,0.12063052761729216,527,REVIEW,2025-02,0,0,False,NO_OVERRIDE,,REVIEW,Senior Credit Officer
APP-42-009708,2025-02-08 12:00:00,29,29195262.0,31,502,0.4102,62609138.0,12,0,Salaried,Mortgage,Branch,0,0.10703629619241198,537,REVIEW,2025-02,0,0,False,NO_OVERRIDE,,REVIEW,Senior Credit Officer
APP-42-009709,2025-02-08 13:00:00,32,15154688.0,45,613,0.34,83855510.0,12,2,Salaried,Owned,Branch,0,0.16492797258220265,501,REVIEW,2025-02,0,0,False,NO_OVERRIDE,,REVIEW,Senior Credit Officer
APP-42-009713,2025-02-08 17:00:00,33,5400868.0,65,649,0.5033,73768364.0,12,1,Salaried,Owned,Partner,1,0.18666181659288864,490,DECLINE,2025-02,1,1,False,NO_OVERRIDE,,DECLINE,Senior Credit Officer
APP-42-009714,2025-02-08 18:00:00,41,10552524.0,68,675,0.5274,40781804.0,9,1,Salaried,Mortgage,Mobile,0,0.13808545297316868,516,REVIEW,2025-02,0,0,False,NO_OVERRIDE,,REVIEW,Senior Credit Officer
APP-42-009715,2025-02-08 19:00:00,43,10871991.0,42,664,0.4299,29327730.0,12,1,Self-employed,Rented,Mobile,0,0.14266929212738258,513,REVIEW,2025-02,0,0,True,REVIEW_TO_DECLINE,Fraud concern,DECLINE,Senior Credit Officer
APP-42-009716,2025-02-08 20:00:00,20,15106297.0,88,600,0.2582,43450307.0,18,2,Salaried,Rented,Partner,0,0.16947163045802968,499,REVIEW,2025-02,0,0,True,REVIEW_TO_DECLINE,Verified additional income,DECLINE,Senior Credit Officer
APP-42-009717,2025-02-08 21:00:00,34,19168433.0,91,571,0.5887,25362976.0,36,1,Salaried,Family,Mobile,0,0.1051222557533096,538,REVIEW,2025-02,0,0,False,NO_OVERRIDE,,REVIEW,Senior Credit Officer
APP-42-009718,2025-02-08 22:00:00,39,19604506.0,15,658,0.4349,90501257.0,18,0,Self-employed,Mortgage,Partner,0,0.19603373757237724,486,DECLINE,2025-02,0,0,False,NO_OVERRIDE,,DECLINE,Senior Credit Officer
APP-42-009720,2025-02-09 00:00:00,47,12349953.0,10,700,0.1803,107957032.0,12,0,Self-employed,Mortgage,Mobile,0,0.10596820834353517,538,REVIEW,2025-02,0,0,False,NO_OVERRIDE,,REVIEW,Senior Credit Officer
APP-42-009721,2025-02-09 01:00:00,28,26327694.0,45,469,0.4402,16972974.0,9,1,Salaried,Rented,Partner,0,0.19422618951673137,487,DECLINE,2025-02,0,0,False,NO_OVERRIDE,,DECLINE,Senior Credit Officer
APP-42-009724,2025-02-09 04:00:00,30,12495321.0,33,682,0.3101,53044071.0,24,2,Salaried,Rented,Branch,0,0.10301186028578267,540,REVIEW,2025-02,0,0,False,NO_OVERRIDE,,REVIEW,Senior Credit Officer
APP-42-009725,2025-02-09 05:00:00,20,12347323.0,70,569,0.5367,260619705.0,12,2,Salaried,Family,Mobile,0,0.3773272010370834,420,DECLINE,2025-02,0,0,False,NO_OVERRIDE,,DECLINE,Senior Credit Officer
APP-42-009726,2025-02-09 06:00:00,34,18866334.0,31,546,0.1257,19501826.0,6,0,Self-employed,Owned,Mobile,1,0.1056552354371827,538,REVIEW,2025-02,0,0,False,NO_OVERRIDE,,REVIEW,Senior Credit Officer
APP-42-009727,2025-02-09 07:00:00,46,13479932.0,58,637,0.4048,54943824.0,18,1,Salaried,Rented,Mobile,0,0.1440359114362388,512,REVIEW,2025-02,0,0,False,NO_OVERRIDE,,REVIEW,Senior Credit Officer
APP-42-009728,2025-02-09 08:00:00,24,6949649.0,28,697,0.1497,27660024.0,24,3,Salaried,Mortgage,Mobile,0,0.11210174110858853,533,REVIEW,2025-02,0,0,False,NO_OVERRIDE,,REVIEW,Senior Credit Officer
APP-42-009729,2025-02-09 09:00:00,56,8078112.0,39,677,0.4153,37457358.0,12,0,Self-employed,Family,Partner,0,0.09703288563599188,545,REVIEW,2025-02,0,0,False,NO_OVERRIDE,,REVIEW,Senior Credit Officer
APP-42-009734,2025-02-09 14:00:00,34,10437173.0,36,707,0.0958,29766607.0,9,2,Salaried,Mortgage,Mobile,0,0.0866254678523242,554,REVIEW,2025-02,0,0,True,REVIEW_TO_DECLINE,Verified additional income,DECLINE,Senior Credit Officer
APP-42-009735,2025-02-09 15:00:00,22,14146438.0,25,608,0.3947,123833933.0,9,2,Salaried,Mortgage,Partner,0,0.33403647218236265,434,DECLINE,2025-02,0,0,False,NO_OVERRIDE,,DECLINE,Senior Credit Officer
APP-42-009736,2025-02-09 16:00:00,60,7925683.0,54,576,0.3583,77845629.0,9,1,Salaried,Rented,Branch,0,0.22251954066232849,474,DECLINE,2025-02,0,0,False,NO_OVERRIDE,,DECLINE,Senior Credit Officer
APP-42-009737,2025-02-09 17:00:00,31,7759603.0,52,692,0.2332,55118306.0,12,1,Contract,Rented,Mobile,1,0.09218646190580633,549,REVIEW,2025-02,0,0,False,NO_OVERRIDE,,REVIEW,Senior Credit Officer
APP-42-009738,2025-02-09 18:00:00,31,20713098.0,148,603,0.4645,77817823.0,24,1,Salaried,Family,Branch,0,0.1228677058980382,526,REVIEW,2025-02,0,0,False,NO_OVERRIDE,,REVIEW,Senior Credit Officer
APP-42-009739,2025-02-09 19:00:00,44,24211509.0,44,500,0.2305,78168002.0,36,2,Salaried,Family,Partner,0,0.17216874519967373,497,REVIEW,2025-02,0,0,False,NO_OVERRIDE,,REVIEW,Senior Credit Officer
APP-42-009741,2025-02-09 21:00:00,45,17195888.0,66,658,0.0421,73426391.0,24,1,Salaried,Rented,Mobile,1,0.10323177382358852,540,REVIEW,2025-02,1,1,True,REVIEW_TO_DECLINE,Affordability concern,DECLINE,Senior Credit Officer
APP-42-009742,2025-02-09 22:00:00,24,8529772.0,35,655,0.2927,64238425.0,24,0,Salaried,Mortgage,Mobile,0,0.09073097826908363,550,REVIEW,2025-02,0,0,False,NO_OVERRIDE,,REVIEW,Senior Credit Officer
APP-42-009743,2025-02-09 23:00:00,37,16832567.0,30,627,0.1303,42998769.0,12,2,Self-employed,Mortgage,Partner,0,0.15668470182794025,505,REVIEW,2025-02,0,0,False,NO_OVERRIDE,,REVIEW,Senior Credit Officer
APP-42-009745,2025-02-10 01:00:00,43,13738393.0,19,548,0.4752,35175983.0,24,4,Contract,Rented,Partner,1,0.5131569168659639,380,DECLINE,2025-02,1,1,True,DECLINE_TO_APPROVE,Affordability concern,APPROVE,Senior Credit Officer
APP-42-009746,2025-02-10 02:00:00,20,21746091.0,64,640,0.5494,30396313.0,36,3,Salaried,Rented,Mobile,0,0.21041905302452116,479,DECLINE,2025-02,0,0,False,NO_OVERRIDE,,DECLINE,Senior Credit Officer
APP-42-009748,2025-02-10 04:00:00,35,19341800.0,73,680,0.5326,76596870.0,24,0,Salaried,Family,Partner,0,0.13142483432924945,520,REVIEW,2025-02,0,0,True,REVIEW_TO_DECLINE,Bureau dispute resolved,DECLINE,Senior Credit Officer
APP-42-009749,2025-02-10 05:00:00,39,25757647.0,97,517,0.3864,98909057.0,12,2,Contract,Rented,Mobile,0,0.2963874985229417,446,DECLINE,2025-02,0,0,False,NO_OVERRIDE,,DECLINE,Senior Credit Officer
APP-42-009751,2025-02-10 07:00:00,49,21350571.0,43,610,0.393,112207544.0,24,1,Self-employed,Owned,Partner,0,0.1655697780721664,501,REVIEW,2025-02,0,0,False,NO_OVERRIDE,,REVIEW,Senior Credit Officer
APP-42-009753,2025-02-10 09:00:00,41,14100763.0,57,528,0.3565,109253719.0,36,3,Self-employed,Family,Mobile,0,0.29150224081970355,448,DECLINE,2025-02,0,0,False,NO_OVERRIDE,,DECLINE,Senior Credit Officer
APP-42-009754,2025-02-10 10:00:00,24,15226116.0,114,801,0.4687,103951649.0,24,2,Salaried,Mortgage,Partner,0,0.14303616518679596,513,REVIEW,2025-02,0,0,False,NO_OVERRIDE,,REVIEW,Senior Credit Officer
APP-42-009755,2025-02-10 11:00:00,50,37776516.0,59,631,0.4748,21983581.0,6,0,Self-employed,Mortgage,Partner,0,0.08960442951784285,551,REVIEW,2025-02,0,0,False,NO_OVERRIDE,,REVIEW,Senior Credit Officer
APP-42-009757,2025-02-10 13:00:00,51,14420410.0,23,564,0.0863,35500782.0,36,3,Self-employed,Mortgage,Mobile,1,0.18468474073258984,491,DECLINE,2025-02,0,1,False,NO_OVERRIDE,,DECLINE,Senior Credit Officer
APP-42-009758,2025-02-10 14:00:00,53,33482310.0,30,530,0.6745,75079530.0,24,2,Salaried,Rented,Partner,1,0.36711200955005646,423,DECLINE,2025-02,1,1,True,DECLINE_TO_APPROVE,Fraud concern,APPROVE,Senior Credit Officer
APP-42-009760,2025-02-10 16:00:00,44,15383425.0,29,543,0.2885,65039350.0,18,0,Contract,Family,Partner,0,0.15524867123872543,506,REVIEW,2025-02,0,0,False,NO_OVERRIDE,,REVIEW,Senior Credit Officer
APP-42-009762,2025-02-10 18:00:00,33,19197983.0,32,770,0.6253,181261337.0,12,1,Self-employed,Mortgage,Partner,1,0.18661032041880604,490,DECLINE,2025-02,0,1,False,NO_OVERRIDE,,DECLINE,Senior Credit Officer
APP-42-009763,2025-02-10 19:00:00,45,32711211.0,20,584,0.51,143663824.0,9,1,Salaried,Owned,Branch,0,0.19613951454173553,486,DECLINE,2025-02,0,0,True,DECLINE_TO_APPROVE,Policy exception,APPROVE,Senior Credit Officer
APP-42-009765,2025-02-10 21:00:00,24,18113785.0,23,457,0.4594,36711608.0,24,0,Salaried,Owned,Mobile,1,0.1826773837442427,492,DECLINE,2025-02,1,1,False,NO_OVERRIDE,,DECLINE,Senior Credit Officer
APP-42-009766,2025-02-10 22:00:00,32,32824838.0,69,515,0.0837,114484644.0,18,0,Salaried,Owned,Branch,0,0.09104611707655261,550,REVIEW,2025-02,0,0,False,NO_OVERRIDE,,REVIEW,Senior Credit Officer
APP-42-009767,2025-02-10 23:00:00,20,21722702.0,10,685,0.4951,125021739.0,24,2,Salaried,Family,Mobile,1,0.17520024931028294,496,REVIEW,2025-02,0,1,False,NO_OVERRIDE,,REVIEW,Senior Credit Officer
APP-42-009769,2025-02-11 01:00:00,20,10224313.0,52,584,0.3985,24872775.0,12,2,Contract,Rented,Mobile,0,0.19527563642714116,486,DECLINE,2025-02,0,0,True,DECLINE_TO_APPROVE,Policy exception,APPROVE,Senior Credit Officer
APP-42-009770,2025-02-11 02:00:00,45,46832423.0,71,595,0.5149,53637353.0,24,2,Salaried,Mortgage,Mobile,0,0.10557629121752082,538,REVIEW,2025-02,0,0,False,NO_OVERRIDE,,REVIEW,Senior Credit Officer
APP-42-009771,2025-02-11 03:00:00,46,20317629.0,76,526,0.767,38129357.0,24,1,Self-employed,Rented,Mobile,0,0.28495198006504147,450,DECLINE,2025-02,0,0,False,NO_OVERRIDE,,DECLINE,Senior Credit Officer
APP-42-009772,2025-02-11 04:00:00,31,3970141.0,55,559,0.3329,24706032.0,36,1,Contract,Rented,Mobile,1,0.12600178881816956,524,REVIEW,2025-02,0,0,False,NO_OVERRIDE,,REVIEW,Senior Credit Officer
APP-42-009774,2025-02-11 06:00:00,33,18050113.0,41,662,0.2063,30623361.0,18,3,Self-employed,Owned,Mobile,0,0.1057182761698017,538,REVIEW,2025-02,0,0,False,NO_OVERRIDE,,REVIEW,Senior Credit Officer
APP-42-009775,2025-02-11 07:00:00,37,14481183.0,76,511,0.4841,241791340.0,24,2,Salaried,Mortgage,Branch,1,0.4137388297949228,409,DECLINE,2025-02,1,1,True,DECLINE_TO_APPROVE,Policy exception,APPROVE,Senior Credit Officer
APP-42-009776,2025-02-11 08:00:00,25,12900242.0,10,681,0.3868,27858593.0,24,2,Self-employed,Rented,Mobile,1,0.15578147113934515,506,REVIEW,2025-02,0,1,False,NO_OVERRIDE,,REVIEW,Senior Credit Officer
APP-42-009778,2025-02-11 10:00:00,20,11042571.0,40,612,0.3674,62263945.0,12,0,Salaried,Rented,Mobile,0,0.1446508692320568,512,REVIEW,2025-02,0,0,False,NO_OVERRIDE,,REVIEW,Senior Credit Officer
APP-42-009779,2025-02-11 11:00:00,20,13106040.0,81,592,0.1606,148267102.0,12,3,Self-employed,Mortgage,Mobile,1,0.2988266300439826,445,DECLINE,2025-02,0,1,False,NO_OVERRIDE,,DECLINE,Senior Credit Officer
APP-42-009780,2025-02-11 12:00:00,34,13280394.0,89,682,0.367,61048998.0,24,1,Salaried,Rented,Mobile,0,0.09248497415742853,549,REVIEW,2025-02,0,0,False,NO_OVERRIDE,,REVIEW,Senior Credit Officer
APP-42-009781,2025-02-11 13:00:00,33,15327305.0,38,712,0.5992,38928140.0,12,1,Self-employed,Rented,Mobile,0,0.16319770288196145,502,REVIEW,2025-02,0,0,False,NO_OVERRIDE,,REVIEW,Senior Credit Officer
APP-42-009782,2025-02-11 14:00:00,37,13558413.0,49,699,0.4682,27418267.0,18,0,Salaried,Owned,Mobile,0,0.09818446848278532,544,REVIEW,2025-02,0,0,False,NO_OVERRIDE,,REVIEW,Senior Credit Officer
APP-42-009785,2025-02-11 17:00:00,36,22343646.0,33,516,0.0487,28196203.0,18,1,Salaried,Rented,Mobile,0,0.11961892250986253,528,REVIEW,2025-02,0,0,False,NO_OVERRIDE,,REVIEW,Senior Credit Officer
APP-42-009786,2025-02-11 18:00:00,37,25183851.0,50,551,0.1217,61837052.0,36,3,Self-employed,Rented,Mobile,0,0.20363492254347335,482,DECLINE,2025-02,0,0,False,NO_OVERRIDE,,DECLINE,Senior Credit Officer
APP-42-009787,2025-02-11 19:00:00,37,17101564.0,43,666,0.5451,49747239.0,12,1,Self-employed,Rented,Mobile,0,0.16244074744961126,502,REVIEW,2025-02,0,0,False,NO_OVERRIDE,,REVIEW,Senior Credit Officer
APP-42-009788,2025-02-11 20:00:00,44,10269739.0,99,602,0.2652,57568297.0,36,4,Salaried,Owned,Mobile,0,0.15558788912190208,506,REVIEW,2025-02,0,0,False,NO_OVERRIDE,,REVIEW,Senior Credit Officer
APP-42-009790,2025-02-11 22:00:00,39,29979560.0,34,623,0.4441,48594157.0,24,1,Salaried,Owned,Mobile,0,0.09230540052212059,549,REVIEW,2025-02,0,0,False,NO_OVERRIDE,,REVIEW,Senior Credit Officer
APP-42-009793,2025-02-12 01:00:00,20,13973567.0,44,694,0.4056,31607618.0,36,1,Contract,Mortgage,Mobile,0,0.09071573936999783,550,REVIEW,2025-02,0,0,False,NO_OVERRIDE,,REVIEW,Senior Credit Officer
APP-42-009794,2025-02-12 02:00:00,34,4948002.0,56,701,0.6472,44706981.0,24,1,Salaried,Rented,Mobile,1,0.15957763406608505,504,REVIEW,2025-02,0,1,False,NO_OVERRIDE,,REVIEW,Senior Credit Officer
APP-42-009796,2025-02-12 04:00:00,40,25545441.0,80,625,0.0392,146030643.0,18,0,Salaried,Rented,Branch,0,0.13076357359521495,521,REVIEW,2025-02,0,0,False,NO_OVERRIDE,,REVIEW,Senior Credit Officer
APP-42-009797,2025-02-12 05:00:00,35,17020362.0,17,637,0.5927,18842740.0,9,2,Salaried,Rented,Mobile,0,0.23475454184789557,469,DECLINE,2025-02,0,0,False,NO_OVERRIDE,,DECLINE,Senior Credit Officer
APP-42-009798,2025-02-12 06:00:00,40,14288490.0,28,584,0.5292,8212069.0,24,1,Salaried,Owned,Mobile,0,0.16117688943063685,503,REVIEW,2025-02,0,0,False,NO_OVERRIDE,,REVIEW,Senior Credit Officer
APP-42-009799,2025-02-12 07:00:00,24,4562256.0,37,718,0.1211,117026090.0,18,0,Salaried,Rented,Mobile,0,0.13420407943631954,518,REVIEW,2025-02,0,0,False,NO_OVERRIDE,,REVIEW,Senior Credit Officer
APP-42-009800,2025-02-12 08:00:00,35,17870508.0,39,600,0.3681,20930838.0,18,1,Salaried,Rented,Partner,0,0.11620391868442193,530,REVIEW,2025-02,0,0,False,NO_OVERRIDE,,REVIEW,Senior Credit Officer
APP-42-009801,2025-02-12 09:00:00,23,9928343.0,48,628,0.6186,32749662.0,12,0,Salaried,Rented,Partner,0,0.24503015252032206,465,DECLINE,2025-02,0,0,False,NO_OVERRIDE,,DECLINE,Senior Credit Officer
APP-42-009802,2025-02-12 10:00:00,38,12084956.0,62,653,0.2608,67308627.0,18,1,Contract,Owned,Mobile,0,0.09373530113445352,548,REVIEW,2025-02,0,0,False,NO_OVERRIDE,,REVIEW,Senior Credit Officer
APP-42-009803,2025-02-12 11:00:00,20,28729630.0,48,662,0.4856,124477917.0,36,1,Contract,Rented,Branch,0,0.13991801821971914,515,REVIEW,2025-02,0,0,False,NO_OVERRIDE,,REVIEW,Senior Credit Officer
APP-42-009804,2025-02-12 12:00:00,38,10219970.0,90,659,0.5287,34478325.0,12,4,Self-employed,Rented,Mobile,0,0.3584144276675978,426,DECLINE,2025-02,0,0,False,NO_OVERRIDE,,DECLINE,Senior Credit Officer
APP-42-009805,2025-02-12 13:00:00,22,10770842.0,40,630,0.1443,36456001.0,18,2,Salaried,Owned,Partner,0,0.13589550533890746,517,REVIEW,2025-02,0,0,False,NO_OVERRIDE,,REVIEW,Senior Credit Officer
APP-42-009808,2025-02-12 16:00:00,37,14423856.0,56,622,0.2075,146104382.0,36,3,Salaried,Family,Mobile,0,0.21744412846220398,476,DECLINE,2025-02,0,0,True,DECLINE_TO_APPROVE,Policy exception,APPROVE,Senior Credit Officer
APP-42-009810,2025-02-12 18:00:00,29,8909372.0,69,584,0.3735,30467145.0,18,0,Self-employed,Mortgage,Partner,0,0.18701556097438501,490,DECLINE,2025-02,0,0,False,NO_OVERRIDE,,DECLINE,Senior Credit Officer
APP-42-009811,2025-02-12 19:00:00,21,8090101.0,48,769,0.2066,50248248.0,12,2,Self-employed,Rented,Partner,0,0.09939011624179069,543,REVIEW,2025-02,0,0,False,NO_OVERRIDE,,REVIEW,Senior Credit Officer
APP-42-009812,2025-02-12 20:00:00,20,7719615.0,32,496,0.6265,78968074.0,24,3,Salaried,Owned,Mobile,1,0.47340076950744275,392,DECLINE,2025-02,1,1,False,NO_OVERRIDE,,DECLINE,Senior Credit Officer
APP-42-009813,2025-02-12 21:00:00,36,7254853.0,100,611,0.1016,93324520.0,9,2,Self-employed,Owned,Mobile,0,0.18015432822233687,493,DECLINE,2025-02,0,0,False,NO_OVERRIDE,,DECLINE,Senior Credit Officer
APP-42-009814,2025-02-12 22:00:00,40,21660140.0,54,520,0.544,48731287.0,6,1,Contract,Owned,Mobile,0,0.25537175943863094,461,DECLINE,2025-02,0,0,False,NO_OVERRIDE,,DECLINE,Senior Credit Officer
APP-42-009815,2025-02-12 23:00:00,39,10512738.0,54,542,0.6444,153141256.0,9,2,Contract,Rented,Mobile,1,0.6174824289133501,349,DECLINE,2025-02,1,1,False,NO_OVERRIDE,,DECLINE,Senior Credit Officer
APP-42-009816,2025-02-13 00:00:00,40,8287646.0,162,673,0.4573,81731079.0,24,1,Self-employed,Mortgage,Mobile,0,0.1602748139213817,503,REVIEW,2025-02,0,0,False,NO_OVERRIDE,,REVIEW,Senior Credit Officer
APP-42-009817,2025-02-13 01:00:00,35,22181530.0,91,661,0.4694,55351684.0,36,1,Contract,Mortgage,Partner,0,0.12266956463587594,526,REVIEW,2025-02,0,0,False,NO_OVERRIDE,,REVIEW,Senior Credit Officer
APP-42-009818,2025-02-13 02:00:00,33,28319308.0,46,596,0.326,53915409.0,12,3,Self-employed,Mortgage,Mobile,1,0.12992080203932208,521,REVIEW,2025-02,1,1,False,NO_OVERRIDE,,REVIEW,Senior Credit Officer
APP-42-009821,2025-02-13 05:00:00,23,10863568.0,24,636,0.1578,27910776.0,24,3,Salaried,Rented,Mobile,0,0.18074798303029593,493,DECLINE,2025-02,0,0,False,NO_OVERRIDE,,DECLINE,Senior Credit Officer
APP-42-009822,2025-02-13 06:00:00,27,20951742.0,46,510,0.3476,46213412.0,9,0,Salaried,Owned,Mobile,0,0.13160718266882282,520,REVIEW,2025-02,0,0,True,REVIEW_TO_DECLINE,Policy exception,DECLINE,Senior Credit Officer
APP-42-009824,2025-02-13 08:00:00,34,13862481.0,32,605,0.3127,21796554.0,36,0,Self-employed,Rented,Branch,0,0.09551327766631876,546,REVIEW,2025-02,0,0,False,NO_OVERRIDE,,REVIEW,Senior Credit Officer
APP-42-009825,2025-02-13 09:00:00,63,19707227.0,80,661,0.1948,96324679.0,24,1,Self-employed,Owned,Partner,0,0.1042459556733956,539,REVIEW,2025-02,0,0,False,NO_OVERRIDE,,REVIEW,Senior Credit Officer
APP-42-009826,2025-02-13 10:00:00,23,9042916.0,27,697,0.526,17918252.0,24,2,Salaried,Owned,Partner,0,0.15038029076318543,509,REVIEW,2025-02,0,0,False,NO_OVERRIDE,,REVIEW,Senior Credit Officer
APP-42-009827,2025-02-13 11:00:00,34,12745671.0,46,611,0.3424,262709709.0,12,1,Salaried,Owned,Partner,1,0.2044520962580343,482,DECLINE,2025-02,1,1,False,NO_OVERRIDE,,DECLINE,Senior Credit Officer
APP-42-009832,2025-02-13 16:00:00,31,18806579.0,55,706,0.4799,92556997.0,6,1,Salaried,Family,Mobile,0,0.10479152078803032,539,REVIEW,2025-02,0,0,True,REVIEW_TO_DECLINE,Verified additional income,DECLINE,Senior Credit Officer
APP-42-009833,2025-02-13 17:00:00,33,17270416.0,82,766,0.5641,33603661.0,24,0,Self-employed,Owned,Mobile,0,0.09154765104298199,549,REVIEW,2025-02,0,0,False,NO_OVERRIDE,,REVIEW,Senior Credit Officer
APP-42-009834,2025-02-13 18:00:00,31,8118877.0,44,581,0.2796,35409462.0,36,2,Self-employed,Mortgage,Mobile,0,0.17422818163302256,496,REVIEW,2025-02,0,0,True,REVIEW_TO_DECLINE,Policy exception,DECLINE,Senior Credit Officer
APP-42-009835,2025-02-13 19:00:00,22,11368464.0,73,558,0.272,103338699.0,24,1,Contract,Owned,Partner,0,0.18322391829032694,492,DECLINE,2025-02,0,0,True,DECLINE_TO_APPROVE,Policy exception,APPROVE,Senior Credit Officer
APP-42-009836,2025-02-13 20:00:00,29,11574467.0,23,617,0.1684,190791729.0,12,1,Salaried,Owned,Mobile,0,0.1711688515242046,498,REVIEW,2025-02,0,0,True,REVIEW_TO_DECLINE,Bureau dispute resolved,DECLINE,Senior Credit Officer
APP-42-009839,2025-02-13 23:00:00,40,26990559.0,92,600,0.4406,43585580.0,12,0,Salaried,Rented,Partner,0,0.1242897634942085,525,REVIEW,2025-02,0,0,False,NO_OVERRIDE,,REVIEW,Senior Credit Officer
APP-42-009840,2025-02-14 00:00:00,33,34495825.0,80,615,0.2609,46102251.0,12,2,Salaried,Mortgage,Mobile,0,0.08195711231776474,558,REVIEW,2025-02,0,0,True,REVIEW_TO_DECLINE,Verified additional income,DECLINE,Senior Credit Officer
APP-42-009841,2025-02-14 01:00:00,33,18729755.0,113,639,0.5514,53510987.0,12,0,Contract,Rented,Mobile,0,0.16808783812324904,499,REVIEW,2025-02,0,0,False,NO_OVERRIDE,,REVIEW,Senior Credit Officer
APP-42-009842,2025-02-14 02:00:00,20,10483055.0,25,660,0.747,81893497.0,24,3,Salaried,Owned,Mobile,1,0.30818100382500657,442,DECLINE,2025-02,1,1,False,NO_OVERRIDE,,DECLINE,Senior Credit Officer
APP-42-009843,2025-02-14 03:00:00,40,17512391.0,161,686,0.1458,93338148.0,18,2,Self-employed,Rented,Mobile,0,0.1321617418887954,520,REVIEW,2025-02,0,0,False,NO_OVERRIDE,,REVIEW,Senior Credit Officer
APP-42-009844,2025-02-14 04:00:00,29,12081935.0,51,689,0.3316,32161777.0,24,0,Contract,Mortgage,Mobile,0,0.08539249594691052,555,REVIEW,2025-02,0,0,False,NO_OVERRIDE,,REVIEW,Senior Credit Officer
APP-42-009846,2025-02-14 06:00:00,47,14774071.0,29,784,0.6589,60703913.0,12,0,Salaried,Owned,Mobile,0,0.08899667495521578,552,REVIEW,2025-02,0,0,False,NO_OVERRIDE,,REVIEW,Senior Credit Officer
APP-42-009847,2025-02-14 07:00:00,33,17050497.0,65,630,0.0711,173590029.0,9,2,Salaried,Mortgage,Partner,0,0.22964558382106942,471,DECLINE,2025-02,0,0,False,NO_OVERRIDE,,DECLINE,Senior Credit Officer
APP-42-009848,2025-02-14 08:00:00,26,26360429.0,48,625,0.2206,98140814.0,12,0,Salaried,Family,Partner,0,0.09529850410779883,546,REVIEW,2025-02,0,0,True,REVIEW_TO_DECLINE,Affordability concern,DECLINE,Senior Credit Officer
APP-42-009849,2025-02-14 09:00:00,35,11974386.0,80,614,0.5826,35984644.0,12,0,Contract,Owned,Branch,0,0.18843953996907614,489,DECLINE,2025-02,0,0,False,NO_OVERRIDE,,DECLINE,Senior Credit Officer
APP-42-009852,2025-02-14 12:00:00,30,21305703.0,97,686,0.6199,56862102.0,36,0,Self-employed,Owned,Mobile,0,0.09886085291782712,543,REVIEW,2025-02,0,0,False,NO_OVERRIDE,,REVIEW,Senior Credit Officer
APP-42-009853,2025-02-14 13:00:00,40,17122225.0,27,764,0.1244,46066674.0,9,3,Self-employed,Rented,Partner,0,0.10727965350891122,537,REVIEW,2025-02,0,0,False,NO_OVERRIDE,,REVIEW,Senior Credit Officer
APP-42-009854,2025-02-14 14:00:00,39,28372199.0,49,589,0.2974,30333936.0,12,3,Self-employed,Rented,Mobile,0,0.15889229826751594,504,REVIEW,2025-02,0,0,False,NO_OVERRIDE,,REVIEW,Senior Credit Officer
APP-42-009855,2025-02-14 15:00:00,32,8452532.0,45,666,0.5997,31109307.0,12,1,Salaried,Mortgage,Partner,0,0.15663801099125088,505,REVIEW,2025-02,0,0,True,REVIEW_TO_DECLINE,Affordability concern,DECLINE,Senior Credit Officer
APP-42-009856,2025-02-14 16:00:00,20,7755767.0,61,579,0.2073,99718521.0,9,4,Salaried,Owned,Mobile,0,0.28045390323200436,452,DECLINE,2025-02,0,0,False,NO_OVERRIDE,,DECLINE,Senior Credit Officer
APP-42-009859,2025-02-14 19:00:00,37,17123137.0,62,630,0.244,56088842.0,36,3,Self-employed,Family,Mobile,0,0.13829222250154116,516,REVIEW,2025-02,0,0,False,NO_OVERRIDE,,REVIEW,Senior Credit Officer
APP-42-009862,2025-02-14 22:00:00,36,21219927.0,60,607,0.2967,102266561.0,24,3,Contract,Owned,Branch,0,0.1811222646615822,493,DECLINE,2025-02,0,0,False,NO_OVERRIDE,,DECLINE,Senior Credit Officer
APP-42-009863,2025-02-14 23:00:00,40,20547453.0,8,615,0.1365,64990041.0,9,0,Salaried,Owned,Mobile,0,0.08215419942220417,558,REVIEW,2025-02,0,0,True,REVIEW_TO_DECLINE,Verified additional income,DECLINE,Senior Credit Officer
APP-42-009864,2025-02-15 00:00:00,41,9460077.0,73,653,0.5417,37458243.0,24,1,Contract,Rented,Mobile,0,0.22131235736348592,475,DECLINE,2025-02,0,0,False,NO_OVERRIDE,,DECLINE,Senior Credit Officer
APP-42-009865,2025-02-15 01:00:00,36,23717183.0,72,629,0.0756,40666458.0,18,3,Salaried,Owned,Mobile,0,0.10191976404399891,541,REVIEW,2025-02,0,0,False,NO_OVERRIDE,,REVIEW,Senior Credit Officer
APP-42-009867,2025-02-15 03:00:00,46,12530524.0,57,442,0.2144,73821850.0,24,0,Salaried,Family,Mobile,1,0.16000653521869582,504,REVIEW,2025-02,0,1,False,NO_OVERRIDE,,REVIEW,Senior Credit Officer
APP-42-009868,2025-02-15 04:00:00,39,8494599.0,5,569,0.2981,19327932.0,24,3,Salaried,Owned,Mobile,0,0.158586260653259,504,REVIEW,2025-02,0,0,False,NO_OVERRIDE,,REVIEW,Senior Credit Officer
APP-42-009869,2025-02-15 05:00:00,24,16515081.0,54,776,0.4704,38678513.0,6,2,Salaried,Mortgage,Mobile,0,0.10217952087517826,541,REVIEW,2025-02,0,0,False,NO_OVERRIDE,,REVIEW,Senior Credit Officer
APP-42-009870,2025-02-15 06:00:00,28,32324713.0,75,539,0.4178,52270440.0,18,1,Contract,Mortgage,Mobile,0,0.13185459617234044,520,REVIEW,2025-02,0,0,False,NO_OVERRIDE,,REVIEW,Senior Credit Officer
APP-42-009871,2025-02-15 07:00:00,37,20390192.0,54,614,0.6905,53971661.0,36,0,Salaried,Owned,Mobile,0,0.1379041747560444,516,REVIEW,2025-02,0,0,False,NO_OVERRIDE,,REVIEW,Senior Credit Officer
APP-42-009873,2025-02-15 09:00:00,31,19113640.0,83,637,0.3426,58616666.0,24,0,Salaried,Rented,Mobile,1,0.09817917730202792,544,REVIEW,2025-02,0,1,True,REVIEW_TO_DECLINE,Policy exception,DECLINE,Senior Credit Officer
APP-42-009874,2025-02-15 10:00:00,42,19055570.0,13,579,0.2654,14854007.0,18,3,Self-employed,Rented,Mobile,0,0.16634792159483333,500,REVIEW,2025-02,0,0,False,NO_OVERRIDE,,REVIEW,Senior Credit Officer
APP-42-009875,2025-02-15 11:00:00,20,18666109.0,54,672,0.1938,17136837.0,12,3,Salaried,Rented,Partner,0,0.08569454273097565,555,REVIEW,2025-02,0,0,False,NO_OVERRIDE,,REVIEW,Senior Credit Officer
APP-42-009876,2025-02-15 12:00:00,26,19844079.0,42,700,0.3028,138262338.0,24,1,Salaried,Family,Branch,0,0.08339202112612489,557,REVIEW,2025-02,0,0,False,NO_OVERRIDE,,REVIEW,Senior Credit Officer
APP-42-009877,2025-02-15 13:00:00,20,10159151.0,27,597,0.3268,53110416.0,9,0,Salaried,Family,Partner,0,0.11169414498678165,533,REVIEW,2025-02,0,0,True,REVIEW_TO_DECLINE,Policy exception,DECLINE,Senior Credit Officer
APP-42-009880,2025-02-15 16:00:00,54,24703989.0,30,718,0.4936,14175752.0,9,3,Salaried,Mortgage,Mobile,0,0.11342590141332945,532,REVIEW,2025-02,0,0,False,NO_OVERRIDE,,REVIEW,Senior Credit Officer
APP-42-009881,2025-02-15 17:00:00,37,9814488.0,73,667,0.5698,69879892.0,24,2,Salaried,Mortgage,Mobile,0,0.22130354330296062,475,DECLINE,2025-02,0,0,False,NO_OVERRIDE,,DECLINE,Senior Credit Officer
APP-42-009883,2025-02-15 19:00:00,33,4690278.0,24,643,0.3542,29549422.0,36,0,Self-employed,Rented,Mobile,0,0.1195714499858099,528,REVIEW,2025-02,0,0,False,NO_OVERRIDE,,REVIEW,Senior Credit Officer
APP-42-009885,2025-02-15 21:00:00,21,7306763.0,43,624,0.1742,110998428.0,9,2,Salaried,Family,Mobile,1,0.16424730581935942,501,REVIEW,2025-02,0,0,False,NO_OVERRIDE,,REVIEW,Senior Credit Officer
APP-42-009887,2025-02-15 23:00:00,48,21218069.0,35,576,0.501,122715562.0,12,0,Self-employed,Rented,Mobile,0,0.3251553977950805,437,DECLINE,2025-02,0,0,True,DECLINE_TO_APPROVE,Bureau dispute resolved,APPROVE,Senior Credit Officer
APP-42-009888,2025-02-16 00:00:00,26,25296474.0,168,479,0.2309,43072315.0,12,0,Salaried,Rented,Mobile,0,0.1186098691108611,529,REVIEW,2025-02,0,0,False,NO_OVERRIDE,,REVIEW,Senior Credit Officer
APP-42-009889,2025-02-16 01:00:00,28,15402191.0,17,673,0.3227,64714743.0,9,1,Salaried,Rented,Mobile,0,0.08680054185577828,554,REVIEW,2025-02,0,0,False,NO_OVERRIDE,,REVIEW,Senior Credit Officer
APP-42-009890,2025-02-16 02:00:00,35,29409128.0,94,608,0.2953,171619351.0,9,3,Salaried,Rented,Mobile,0,0.22321365436234408,474,DECLINE,2025-02,0,0,False,NO_OVERRIDE,,DECLINE,Senior Credit Officer
APP-42-009892,2025-02-16 04:00:00,29,14447786.0,29,659,0.4637,50030151.0,9,2,Contract,Family,Branch,0,0.17299807250323337,497,REVIEW,2025-02,0,0,False,NO_OVERRIDE,,REVIEW,Senior Credit Officer
APP-42-009893,2025-02-16 05:00:00,36,15244654.0,41,729,0.5702,36497504.0,24,0,Salaried,Owned,Mobile,0,0.08895013594312388,552,REVIEW,2025-02,0,0,True,REVIEW_TO_DECLINE,Verified additional income,DECLINE,Senior Credit Officer
APP-42-009894,2025-02-16 06:00:00,40,13386598.0,98,605,0.4255,111079163.0,24,1,Self-employed,Rented,Mobile,1,0.20312610456098318,483,DECLINE,2025-02,1,1,False,NO_OVERRIDE,,DECLINE,Senior Credit Officer
APP-42-009895,2025-02-16 07:00:00,53,6212563.0,101,683,0.2627,80691683.0,24,0,Salaried,Mortgage,Partner,0,0.10070229528048794,542,REVIEW,2025-02,0,0,True,REVIEW_TO_DECLINE,Affordability concern,DECLINE,Senior Credit Officer
APP-42-009896,2025-02-16 08:00:00,34,17757445.0,28,667,0.4833,84772109.0,18,0,Salaried,Owned,Mobile,0,0.12232866758170081,526,REVIEW,2025-02,0,0,False,NO_OVERRIDE,,REVIEW,Senior Credit Officer
APP-42-009897,2025-02-16 09:00:00,35,16896691.0,65,739,0.2801,60359895.0,12,5,Salaried,Rented,Mobile,0,0.09764459069208684,544,REVIEW,2025-02,0,0,False,NO_OVERRIDE,,REVIEW,Senior Credit Officer
APP-42-009898,2025-02-16 10:00:00,49,32569370.0,63,654,0.6354,95236681.0,12,2,Self-employed,Owned,Branch,0,0.17613469117396596,495,REVIEW,2025-02,0,0,False,NO_OVERRIDE,,REVIEW,Senior Credit Officer
APP-42-009899,2025-02-16 11:00:00,30,8873793.0,45,602,0.2169,30192856.0,12,0,Contract,Owned,Partner,0,0.1258791392240649,524,REVIEW,2025-02,0,0,False,NO_OVERRIDE,,REVIEW,Senior Credit Officer
APP-42-009901,2025-02-16 13:00:00,37,34893199.0,78,589,0.4317,30343355.0,9,1,Self-employed,Family,Mobile,0,0.09435946160420189,547,REVIEW,2025-02,0,0,False,NO_OVERRIDE,,REVIEW,Senior Credit Officer
APP-42-009902,2025-02-16 14:00:00,45,21150861.0,27,581,0.3414,81734505.0,24,1,Self-employed,Mortgage,Branch,0,0.14539512845612365,512,REVIEW,2025-02,0,0,True,REVIEW_TO_DECLINE,Bureau dispute resolved,DECLINE,Senior Credit Officer
APP-42-009904,2025-02-16 16:00:00,34,23098328.0,24,617,0.3387,32806288.0,12,0,Contract,Owned,Mobile,0,0.09294741241948973,548,REVIEW,2025-02,0,0,True,REVIEW_TO_DECLINE,Affordability concern,DECLINE,Senior Credit Officer
APP-42-009905,2025-02-16 17:00:00,22,23154778.0,40,641,0.4078,60023213.0,12,1,Salaried,Rented,Mobile,0,0.09444157159772762,547,REVIEW,2025-02,0,0,False,NO_OVERRIDE,,REVIEW,Senior Credit Officer
APP-42-009908,2025-02-16 20:00:00,24,10320508.0,50,720,0.4181,38016357.0,36,0,Self-employed,Rented,Mobile,0,0.10333368137560565,540,REVIEW,2025-02,0,0,False,NO_OVERRIDE,,REVIEW,Senior Credit Officer
APP-42-009909,2025-02-16 21:00:00,33,25577431.0,40,700,0.3911,136213580.0,12,1,Contract,Rented,Branch,0,0.14950211415062994,509,REVIEW,2025-02,0,0,True,REVIEW_TO_DECLINE,Bureau dispute resolved,DECLINE,Senior Credit Officer
APP-42-009910,2025-02-16 22:00:00,32,13180894.0,16,693,0.3952,132602916.0,24,1,Salaried,Rented,Mobile,0,0.1825816664607363,492,DECLINE,2025-02,0,0,True,DECLINE_TO_APPROVE,Policy exception,APPROVE,Senior Credit Officer
APP-42-009911,2025-02-16 23:00:00,29,16943875.0,96,507,0.4142,162379297.0,12,0,Salaried,Family,Branch,0,0.22383336943429213,474,DECLINE,2025-02,0,0,False,NO_OVERRIDE,,DECLINE,Senior Credit Officer
APP-42-009912,2025-02-17 00:00:00,37,22064529.0,28,648,0.532,26705740.0,12,0,Contract,Owned,Mobile,0,0.14213830704689065,514,REVIEW,2025-02,0,0,False,NO_OVERRIDE,,REVIEW,Senior Credit Officer
APP-42-009915,2025-02-17 03:00:00,26,23384852.0,25,625,0.4614,165573579.0,12,0,Self-employed,Family,Partner,0,0.23966811087286052,467,DECLINE,2025-02,0,0,False,NO_OVERRIDE,,DECLINE,Senior Credit Officer
APP-42-009916,2025-02-17 04:00:00,20,13311350.0,52,734,0.5642,20203988.0,12,1,Self-employed,Mortgage,Mobile,0,0.08572857806868274,555,REVIEW,2025-02,0,0,False,NO_OVERRIDE,,REVIEW,Senior Credit Officer
APP-42-009918,2025-02-17 06:00:00,30,10464463.0,44,454,0.6487,62408968.0,6,3,Self-employed,Rented,Mobile,1,0.5005933411483654,384,DECLINE,2025-02,1,1,False,NO_OVERRIDE,,DECLINE,Senior Credit Officer
APP-42-009919,2025-02-17 07:00:00,52,10445104.0,51,633,0.7021,67268690.0,6,1,Salaried,Owned,Branch,0,0.18025491368002106,493,DECLINE,2025-02,0,0,False,NO_OVERRIDE,,DECLINE,Senior Credit Officer
APP-42-009920,2025-02-17 08:00:00,52,51351928.0,78,580,0.4897,27867602.0,36,0,Self-employed,Rented,Branch,0,0.10179303006753686,541,REVIEW,2025-02,0,0,False,NO_OVERRIDE,,REVIEW,Senior Credit Officer
APP-42-009921,2025-02-17 09:00:00,53,7758176.0,131,596,0.2927,42310692.0,24,0,Salaried,Family,Mobile,0,0.08265765172546025,558,REVIEW,2025-02,0,0,False,NO_OVERRIDE,,REVIEW,Senior Credit Officer
APP-42-009922,2025-02-17 10:00:00,27,17737440.0,35,716,0.4686,104834423.0,24,2,Salaried,Rented,Mobile,0,0.19824585967695071,485,DECLINE,2025-02,0,0,False,NO_OVERRIDE,,DECLINE,Senior Credit Officer
APP-42-009924,2025-02-17 12:00:00,43,17719159.0,22,603,0.1489,64540975.0,24,1,Contract,Owned,Mobile,0,0.10202883018077824,541,REVIEW,2025-02,0,0,False,NO_OVERRIDE,,REVIEW,Senior Credit Officer
APP-42-009925,2025-02-17 13:00:00,42,37754158.0,71,591,0.5042,124501693.0,12,2,Self-employed,Family,Mobile,0,0.20907836788131245,480,DECLINE,2025-02,0,0,False,NO_OVERRIDE,,DECLINE,Senior Credit Officer
APP-42-009927,2025-02-17 15:00:00,47,17928842.0,15,627,0.0433,159309467.0,24,1,Salaried,Owned,Mobile,0,0.14710401737180187,511,REVIEW,2025-02,0,0,False,NO_OVERRIDE,,REVIEW,Senior Credit Officer
APP-42-009928,2025-02-17 16:00:00,35,16751987.0,59,690,0.6147,81731913.0,18,1,Self-employed,Owned,Mobile,0,0.1749652322378686,496,REVIEW,2025-02,0,0,False,NO_OVERRIDE,,REVIEW,Senior Credit Officer
APP-42-009929,2025-02-17 17:00:00,36,5611102.0,30,581,0.1216,355576689.0,24,2,Salaried,Rented,Partner,0,0.3110409833128048,441,DECLINE,2025-02,0,0,False,NO_OVERRIDE,,DECLINE,Senior Credit Officer
APP-42-009930,2025-02-17 18:00:00,21,15102501.0,43,613,0.088,45382722.0,6,4,Self-employed,Family,Mobile,0,0.18028978986881927,493,DECLINE,2025-02,0,0,False,NO_OVERRIDE,,DECLINE,Senior Credit Officer
APP-42-009931,2025-02-17 19:00:00,41,20452230.0,114,559,0.5772,208104928.0,36,2,Self-employed,Rented,Branch,0,0.3922619562005467,415,DECLINE,2025-02,0,0,False,NO_OVERRIDE,,DECLINE,Senior Credit Officer
APP-42-009932,2025-02-17 20:00:00,33,20445981.0,17,600,0.4985,28990606.0,12,0,Salaried,Rented,Partner,0,0.1735052529779728,497,REVIEW,2025-02,0,0,False,NO_OVERRIDE,,REVIEW,Senior Credit Officer
APP-42-009934,2025-02-17 22:00:00,37,21007903.0,27,587,0.0773,87990087.0,12,0,Self-employed,Family,Partner,0,0.12314514424510176,526,REVIEW,2025-02,0,0,False,NO_OVERRIDE,,REVIEW,Senior Credit Officer
APP-42-009936,2025-02-18 00:00:00,35,34161576.0,34,581,0.1237,38608681.0,12,1,Salaried,Rented,Partner,0,0.0827275875052093,557,REVIEW,2025-02,0,0,False,NO_OVERRIDE,,REVIEW,Senior Credit Officer
APP-42-009937,2025-02-18 01:00:00,42,24231356.0,23,627,0.3496,235745590.0,12,0,Salaried,Mortgage,Partner,1,0.18172253586072476,492,DECLINE,2025-02,0,1,False,NO_OVERRIDE,,DECLINE,Senior Credit Officer
APP-42-009938,2025-02-18 02:00:00,33,17167959.0,148,635,0.2374,145516735.0,36,1,Salaried,Rented,Mobile,0,0.1598114139160238,504,REVIEW,2025-02,0,0,True,REVIEW_TO_DECLINE,Affordability concern,DECLINE,Senior Credit Officer
APP-42-009940,2025-02-18 04:00:00,40,14842754.0,21,611,0.5238,19486999.0,6,4,Self-employed,Rented,Branch,1,0.30037752639054577,445,DECLINE,2025-02,1,1,False,NO_OVERRIDE,,DECLINE,Senior Credit Officer
APP-42-009942,2025-02-18 06:00:00,23,16390393.0,30,505,0.1343,31735903.0,9,2,Salaried,Rented,Partner,0,0.23791296316888938,468,DECLINE,2025-02,0,0,False,NO_OVERRIDE,,DECLINE,Senior Credit Officer
APP-42-009943,2025-02-18 07:00:00,26,25383181.0,53,578,0.294,54467997.0,36,2,Salaried,Rented,Partner,0,0.14470256442825086,512,REVIEW,2025-02,0,0,True,REVIEW_TO_DECLINE,Verified additional income,DECLINE,Senior Credit Officer
APP-42-009944,2025-02-18 08:00:00,38,10333321.0,56,718,0.3367,96794024.0,36,1,Self-employed,Rented,Mobile,0,0.12080015253528328,527,REVIEW,2025-02,0,0,False,NO_OVERRIDE,,REVIEW,Senior Credit Officer
APP-42-009945,2025-02-18 09:00:00,34,19514122.0,60,578,0.393,111014249.0,36,0,Salaried,Owned,Partner,0,0.14971717017868175,509,REVIEW,2025-02,0,0,True,REVIEW_TO_DECLINE,Policy exception,DECLINE,Senior Credit Officer
APP-42-009946,2025-02-18 10:00:00,20,42267091.0,63,695,0.4086,183496903.0,24,0,Salaried,Rented,Mobile,0,0.08767069894273713,553,REVIEW,2025-02,0,0,False,NO_OVERRIDE,,REVIEW,Senior Credit Officer
APP-42-009947,2025-02-18 11:00:00,32,15908107.0,86,573,0.355,135519676.0,24,1,Salaried,Family,Mobile,0,0.16769129217569845,499,REVIEW,2025-02,0,0,True,REVIEW_TO_DECLINE,Verified additional income,DECLINE,Senior Credit Officer
APP-42-009949,2025-02-18 13:00:00,31,19695517.0,70,763,0.44,40511139.0,12,2,Salaried,Rented,Branch,1,0.08430988433377741,556,REVIEW,2025-02,1,1,False,NO_OVERRIDE,,REVIEW,Senior Credit Officer
APP-42-009951,2025-02-18 15:00:00,44,19192353.0,28,499,0.2417,259130358.0,18,1,Contract,Mortgage,Branch,1,0.23654972960911969,468,DECLINE,2025-02,0,0,False,NO_OVERRIDE,,DECLINE,Senior Credit Officer
APP-42-009953,2025-02-18 17:00:00,44,6056099.0,69,565,0.2794,34371414.0,24,0,Salaried,Rented,Mobile,0,0.13610281067412833,517,REVIEW,2025-02,0,0,False,NO_OVERRIDE,,REVIEW,Senior Credit Officer
APP-42-009956,2025-02-18 20:00:00,41,23443842.0,62,552,0.2261,114788869.0,36,0,Salaried,Owned,Mobile,0,0.12817840536836678,522,REVIEW,2025-02,0,0,False,NO_OVERRIDE,,REVIEW,Senior Credit Officer
APP-42-009957,2025-02-18 21:00:00,57,24242282.0,31,608,0.0525,37509259.0,6,4,Contract,Rented,Branch,1,0.18053553574406325,493,DECLINE,2025-02,1,1,False,NO_OVERRIDE,,DECLINE,Senior Credit Officer
APP-42-009958,2025-02-18 22:00:00,28,16280137.0,35,593,0.4133,104176614.0,24,2,Salaried,Family,Mobile,0,0.1720815398161625,497,REVIEW,2025-02,0,0,False,NO_OVERRIDE,,REVIEW,Senior Credit Officer
APP-42-009960,2025-02-19 00:00:00,35,17615380.0,13,644,0.5849,292100650.0,12,1,Salaried,Rented,Branch,0,0.2870415889814057,450,DECLINE,2025-02,0,0,False,NO_OVERRIDE,,DECLINE,Senior Credit Officer
APP-42-009961,2025-02-19 01:00:00,33,20849768.0,15,674,0.3043,90401413.0,12,0,Salaried,Mortgage,Partner,0,0.09358155291543341,548,REVIEW,2025-02,0,0,True,REVIEW_TO_DECLINE,Verified additional income,DECLINE,Senior Credit Officer
APP-42-009962,2025-02-19 02:00:00,41,7610301.0,25,742,0.2417,69833719.0,24,1,Salaried,Rented,Mobile,0,0.08034365030037885,560,REVIEW,2025-02,0,0,False,NO_OVERRIDE,,REVIEW,Senior Credit Officer
APP-42-009964,2025-02-19 04:00:00,34,22030239.0,63,646,0.2678,54430198.0,12,2,Salaried,Rented,Mobile,0,0.09894926791655315,543,REVIEW,2025-02,0,0,True,REVIEW_TO_DECLINE,Fraud concern,DECLINE,Senior Credit Officer
APP-42-009965,2025-02-19 05:00:00,33,29646326.0,34,588,0.0463,53730137.0,12,2,Salaried,Rented,Branch,0,0.09014272787193674,551,REVIEW,2025-02,0,0,False,NO_OVERRIDE,,REVIEW,Senior Credit Officer
APP-42-009966,2025-02-19 06:00:00,40,30101910.0,64,620,0.3118,48952439.0,24,0,Contract,Rented,Mobile,0,0.08872714103830052,552,REVIEW,2025-02,0,0,False,NO_OVERRIDE,,REVIEW,Senior Credit Officer
APP-42-009967,2025-02-19 07:00:00,33,7552074.0,33,604,0.6216,67153173.0,18,2,Salaried,Owned,Mobile,1,0.24699838448422498,464,DECLINE,2025-02,1,1,False,NO_OVERRIDE,,DECLINE,Senior Credit Officer
APP-42-009968,2025-02-19 08:00:00,32,7985224.0,51,541,0.5278,51170431.0,9,3,Salaried,Rented,Mobile,1,0.4720338887415295,392,DECLINE,2025-02,1,1,False,NO_OVERRIDE,,DECLINE,Senior Credit Officer
APP-42-009970,2025-02-19 10:00:00,46,11936813.0,63,657,0.4494,42650882.0,9,4,Contract,Rented,Mobile,0,0.3250633306852798,437,DECLINE,2025-02,0,0,False,NO_OVERRIDE,,DECLINE,Senior Credit Officer
APP-42-009973,2025-02-19 13:00:00,20,17051638.0,51,454,0.1613,61105280.0,9,2,Salaried,Owned,Mobile,0,0.17491736115043546,496,REVIEW,2025-02,0,0,True,REVIEW_TO_DECLINE,Bureau dispute resolved,DECLINE,Senior Credit Officer
APP-42-009975,2025-02-19 15:00:00,28,23444330.0,39,578,0.1838,46685170.0,24,4,Self-employed,Rented,Mobile,0,0.2167086924597836,477,DECLINE,2025-02,0,0,False,NO_OVERRIDE,,DECLINE,Senior Credit Officer
APP-42-009976,2025-02-19 16:00:00,34,10208633.0,19,576,0.5502,80495281.0,36,2,Salaried,Family,Partner,0,0.3270402496437151,436,DECLINE,2025-02,0,0,False,NO_OVERRIDE,,DECLINE,Senior Credit Officer
APP-42-009977,2025-02-19 17:00:00,29,6102213.0,62,601,0.1542,36596671.0,9,2,Self-employed,Mortgage,Mobile,0,0.1702629559683597,498,REVIEW,2025-02,0,0,False,NO_OVERRIDE,,REVIEW,Senior Credit Officer
APP-42-009979,2025-02-19 19:00:00,26,24044551.0,53,794,0.5868,52299911.0,12,2,Self-employed,Rented,Mobile,0,0.1335611717633208,519,REVIEW,2025-02,0,0,False,NO_OVERRIDE,,REVIEW,Senior Credit Officer
APP-42-009981,2025-02-19 21:00:00,46,14778425.0,42,605,0.1476,77060071.0,12,4,Salaried,Owned,Mobile,0,0.22610324326317774,473,DECLINE,2025-02,0,0,False,NO_OVERRIDE,,DECLINE,Senior Credit Officer
APP-42-009982,2025-02-19 22:00:00,26,27577402.0,92,511,0.2401,94008929.0,24,2,Salaried,Owned,Partner,0,0.1609279588748388,503,REVIEW,2025-02,0,0,False,NO_OVERRIDE,,REVIEW,Senior Credit Officer
APP-42-009983,2025-02-19 23:00:00,35,23512856.0,6,610,0.3201,42672238.0,18,2,Contract,Rented,Mobile,0,0.15974302012699554,504,REVIEW,2025-02,0,0,False,NO_OVERRIDE,,REVIEW,Senior Credit Officer
APP-42-009984,2025-02-20 00:00:00,44,37251587.0,54,594,0.2959,73905033.0,9,3,Contract,Mortgage,Mobile,0,0.14792485934106356,510,REVIEW,2025-02,0,0,False,NO_OVERRIDE,,REVIEW,Senior Credit Officer
APP-42-009985,2025-02-20 01:00:00,43,17459928.0,46,522,0.1834,214007074.0,9,2,Salaried,Rented,Branch,0,0.3293116518673925,435,DECLINE,2025-02,0,0,False,NO_OVERRIDE,,DECLINE,Senior Credit Officer
APP-42-009986,2025-02-20 02:00:00,42,6951289.0,44,682,0.6093,25727721.0,24,2,Salaried,Rented,Mobile,0,0.16416931989754163,501,REVIEW,2025-02,0,0,False,NO_OVERRIDE,,REVIEW,Senior Credit Officer
APP-42-009987,2025-02-20 03:00:00,38,17342479.0,50,640,0.2505,76363635.0,24,1,Salaried,Owned,Branch,0,0.09011740884702044,551,REVIEW,2025-02,0,0,False,NO_OVERRIDE,,REVIEW,Senior Credit Officer
APP-42-009989,2025-02-20 05:00:00,47,23935880.0,27,693,0.312,129149214.0,12,0,Salaried,Owned,Mobile,0,0.09699548201877843,545,REVIEW,2025-02,0,0,False,NO_OVERRIDE,,REVIEW,Senior Credit Officer
APP-42-009990,2025-02-20 06:00:00,39,7747703.0,17,689,0.1285,55210149.0,36,4,Contract,Owned,Mobile,0,0.13868449138049943,516,REVIEW,2025-02,0,0,False,NO_OVERRIDE,,REVIEW,Senior Credit Officer
APP-42-009991,2025-02-20 07:00:00,20,15161315.0,63,635,0.4982,46205442.0,9,3,Self-employed,Rented,Branch,0,0.30268739435382225,444,DECLINE,2025-02,0,0,True,DECLINE_TO_APPROVE,Bureau dispute resolved,APPROVE,Senior Credit Officer
APP-42-009993,2025-02-20 09:00:00,41,16998494.0,55,605,0.5747,30102298.0,12,3,Salaried,Rented,Mobile,0,0.3106240579457542,441,DECLINE,2025-02,0,0,False,NO_OVERRIDE,,DECLINE,Senior Credit Officer
APP-42-009994,2025-02-20 10:00:00,29,15214027.0,34,594,0.5192,43576407.0,12,1,Salaried,Family,Mobile,0,0.13336280717600887,519,REVIEW,2025-02,0,0,False,NO_OVERRIDE,,REVIEW,Senior Credit Officer
APP-42-009995,2025-02-20 11:00:00,50,51359569.0,26,623,0.4063,101402180.0,9,1,Salaried,Rented,Mobile,0,0.10878408380729863,536,REVIEW,2025-02,0,0,False,NO_OVERRIDE,,REVIEW,Senior Credit Officer
APP-42-009996,2025-02-20 12:00:00,34,9992846.0,52,679,0.3945,150801218.0,12,0,Salaried,Rented,Partner,1,0.19575010983214808,486,DECLINE,2025-02,0,1,False,NO_OVERRIDE,,DECLINE,Senior Credit Officer
APP-42-009999,2025-02-20 15:00:00,33,15903357.0,27,617,0.631,69858010.0,24,1,Salaried,Rented,Branch,0,0.24743538819876815,464,DECLINE,2025-02,0,0,False,NO_OVERRIDE,,DECLINE,Senior Credit Officer
APP-42-010000,2025-02-20 16:00:00,37,17677311.0,59,734,0.6112,63529583.0,6,1,Salaried,Rented,Mobile,0,0.11001796585640934,535,REVIEW,2025-02,0,0,False,NO_OVERRIDE,,REVIEW,Senior Credit Officer
APP-42-010001,2025-02-20 17:00:00,43,17642653.0,45,546,0.1572,49498138.0,12,0,Contract,Mortgage,Branch,0,0.1428375028434292,513,REVIEW,2025-02,0,0,False,NO_OVERRIDE,,REVIEW,Senior Credit Officer
APP-42-010003,2025-02-20 19:00:00,32,12979537.0,19,618,0.1439,66830525.0,24,0,Self-employed,Family,Branch,0,0.09012101657250784,551,REVIEW,2025-02,0,0,False,NO_OVERRIDE,,REVIEW,Senior Credit Officer
APP-42-010004,2025-02-20 20:00:00,42,14223425.0,38,625,0.419,119181061.0,36,0,Self-employed,Rented,Mobile,1,0.26809409898090175,456,DECLINE,2025-02,1,1,False,NO_OVERRIDE,,DECLINE,Senior Credit Officer
APP-42-010005,2025-02-20 21:00:00,36,14805493.0,35,667,0.5862,35054785.0,12,1,Salaried,Rented,Partner,0,0.17105829125887037,498,REVIEW,2025-02,0,0,False,NO_OVERRIDE,,REVIEW,Senior Credit Officer
APP-42-010006,2025-02-20 22:00:00,48,15067770.0,67,678,0.2973,23851367.0,24,2,Self-employed,Rented,Mobile,0,0.0906888464532688,550,REVIEW,2025-02,0,0,False,NO_OVERRIDE,,REVIEW,Senior Credit Officer
APP-42-010007,2025-02-20 23:00:00,21,15172064.0,86,593,0.3171,62356097.0,18,1,Salaried,Family,Mobile,0,0.08728613961308132,553,REVIEW,2025-02,0,0,False,NO_OVERRIDE,,REVIEW,Senior Credit Officer
APP-42-010009,2025-02-21 01:00:00,42,18993157.0,44,573,0.0922,139302840.0,24,2,Salaried,Rented,Mobile,0,0.22643580715365794,473,DECLINE,2025-02,0,0,False,NO_OVERRIDE,,DECLINE,Senior Credit Officer
APP-42-010010,2025-02-21 02:00:00,43,13467299.0,75,597,0.0355,70009774.0,24,0,Salaried,Rented,Mobile,0,0.1336372469380492,519,REVIEW,2025-02,0,0,False,NO_OVERRIDE,,REVIEW,Senior Credit Officer
APP-42-010011,2025-02-21 03:00:00,33,6447069.0,40,524,0.3805,50789657.0,18,1,Contract,Rented,Partner,1,0.2786045126275978,453,DECLINE,2025-02,0,1,False,NO_OVERRIDE,,DECLINE,Senior Credit Officer
APP-42-010012,2025-02-21 04:00:00,39,14847681.0,114,650,0.185,53838790.0,18,1,Contract,Rented,Partner,0,0.11483832372145884,531,REVIEW,2025-02,0,0,False,NO_OVERRIDE,,REVIEW,Senior Credit Officer
APP-42-010013,2025-02-21 05:00:00,42,14597425.0,31,627,0.3832,72004442.0,24,1,Salaried,Mortgage,Mobile,0,0.1679419299508048,499,REVIEW,2025-02,0,0,True,REVIEW_TO_DECLINE,Policy exception,DECLINE,Senior Credit Officer
APP-42-010014,2025-02-21 06:00:00,28,36297768.0,11,495,0.1599,82684352.0,18,0,Salaried,Rented,Branch,0,0.10970979401744288,535,REVIEW,2025-02,0,0,False,NO_OVERRIDE,,REVIEW,Senior Credit Officer
APP-42-010015,2025-02-21 07:00:00,29,13380458.0,19,591,0.134,278706407.0,18,0,Salaried,Owned,Mobile,0,0.19295358826920292,487,DECLINE,2025-02,0,0,False,NO_OVERRIDE,,DECLINE,Senior Credit Officer
APP-42-010018,2025-02-21 10:00:00,25,12742387.0,27,548,0.285,239273416.0,24,1,Salaried,Mortgage,Mobile,0,0.263518054239735,458,DECLINE,2025-02,0,0,True,DECLINE_TO_APPROVE,Affordability concern,APPROVE,Senior Credit Officer
