cash_loan_share,bnpl_share,business_loan_share,portfolio_vnd,weighted_bad_rate,expected_credit_loss_vnd,net_contribution_vnd,raroc,max_product_share,risk_appetite_status,recommended
0.1,0.3,0.6,1000000000000,0.1229076161279551,61420148030.31752,63179851969.68248,0.5264987664140207,0.6,PASS,False
0.1,0.4,0.5,1000000000000,0.12940168702880567,64864985678.545,56835014321.455,0.47362511934545837,0.5,PASS,False
0.1,0.5,0.4,1000000000000,0.13589575792965622,68309823326.77248,50490176673.22752,0.420751472276896,0.5,BREACH,False
0.2,0.2,0.6,1000000000000,0.12093784975140907,61588417995.197655,70211582004.80234,0.5850965167066862,0.6,PASS,False
0.2,0.3,0.5,1000000000000,0.12743192065225964,65033255643.425125,63866744356.574875,0.5322228696381239,0.5,PASS,False
0.2,0.4,0.4,1000000000000,0.1339259915531102,68478093291.6526,57521906708.3474,0.47934922256956164,0.4,BREACH,False
0.3,0.1,0.6,1000000000000,0.11896808337486303,61756687960.07779,77243312039.92221,0.6436942669993517,0.6,PASS,False
0.3,0.2,0.5,1000000000000,0.12546215427571358,65201525608.30526,70898474391.69473,0.5908206199307895,0.5,PASS,False
0.3,0.3,0.4,1000000000000,0.13195622517656413,68646363256.532745,64553636743.467255,0.5379469728622271,0.4,BREACH,False
0.4,0.1,0.5,1000000000000,0.12349238789916755,65369795573.185394,77930204426.8146,0.649418370223455,0.5,PASS,False
0.4,0.2,0.4,1000000000000,0.12998645880001813,68814633221.41287,71585366778.58713,0.5965447231548927,0.4,PASS,False
0.5,0.1,0.4,1000000000000,0.12801669242347208,68982903186.29301,78617096813.70699,0.6551424734475582,0.5,PASS,True
