credit_pd_cutoff,fraud_cutoff,approval_rate,approved_accounts,approved_exposure_vnd,expected_loss_vnd,fraud_loss_vnd,contribution_vnd,raroc,recommended
0.08,0.2,0.5158333333333334,1238,41733701069.17472,1138583591.8721457,344551587.4392857,4843218486.410649,1.1605053858949355,False
0.08,0.3,0.5208333333333334,1250,42076857369.42048,1149159222.7677794,359310911.7630405,4869692757.729353,1.1573328100468885,False
0.08,0.4,0.5225,1254,42276054279.42048,1152989614.0138083,370805761.48711216,4884783037.809255,1.1554491357030718,False
0.1,0.2,0.6433333333333333,1544,51555652820.71001,1621275018.436027,426481113.781216,5765810054.992807,1.1183662197128983,False
0.1,0.3,0.6495833333333333,1559,52012962264.940094,1637357229.0485191,446670048.432392,5798696873.584804,1.1148561091459845,False
0.1,0.4,0.65125,1563,52212159174.940094,1641187620.2945478,458164898.1564637,5813787153.664702,1.113492957490083,False
0.12,0.2,0.7429166666666667,1783,59079817998.93682,2075817720.0106964,490151589.71981895,6386357480.1046915,1.0809710822432828,False
0.12,0.3,0.75,1800,59606360743.1903,2095872905.4822197,513696582.2731738,6422416427.439102,1.077471656944402,True
0.12,0.4,0.7525,1806,59890609751.24746,2105279086.2062948,530425682.65534854,6439649742.581711,1.0752352947028694,False
0.14,0.2,0.8170833333333334,1961,64206434815.87912,2439901331.2183237,535216198.61353856,6751364866.629398,1.0515090716358688,False
0.14,0.3,0.8245833333333333,1979,64768002542.17261,2462477088.6983023,560031520.8034365,6788946784.535014,1.0481945587428767,False
0.14,0.4,0.8270833333333333,1985,65052251550.22977,2471883269.4223776,576760621.1856112,6806180099.677626,1.0462635708192618,False
0.16,0.2,0.875,2100,68321850385.06142,2780274832.3650217,572477298.5557286,6995634678.763767,1.0239234797266796,False
0.16,0.3,0.8825,2118,68883418111.35492,2802850589.8450003,597292620.7456264,7033216596.669385,1.0210318810398886,False
0.16,0.4,0.885,2124,69167667119.41208,2812256770.5690756,614021721.1278012,7050449911.811993,1.019327411988609,False
